pl_name,hostname,tic_id,pl_orbsmax,pl_rade,pl_masse,st_spectype,st_teff,st_rad,st_mass,st_lum,st_age,SpT_PM,Lxuv/Lbol,t_sat,gamma
WASP-18 c,WASP-18,TIC 100100827,0.035,8.58,55.2,F6 IV-V,6400.0,1.23,1.22,2.455,1.0,F6V,0.001,0.1,1.23
TOI-564 b,TOI-564,TIC 1003831,0.02734,11.43318,464.98529,,5640.0,1.088,0.998,1.078,7.3,G5V,0.001,0.1,1.23
TOI-4791 b,TOI-4791,TIC 100389539,0.0555,12.44196858,734.18362017,,6058.0,1.409,1.242,2.400,3.3,F9V,0.001,0.1,1.23
TOI-411 b,HD 22946,TIC 100990000,0.05727,1.362,13.71,F7/F8V,6169.0,1.117,1.098,1.619,2.5,F8V,0.001,0.1,1.23
HD 22946 d,HD 22946,TIC 100990000,0.2958,2.607,26.57,F7/F8V,6169.0,1.117,1.098,1.619,2.5,F8V,0.001,0.1,1.23
TOI-411 c,HD 22946,TIC 100990000,0.1017,2.328,9.72,F7/F8V,6169.0,1.117,1.098,1.619,2.5,F8V,0.001,0.1,1.23
HD 73583 c,HD 73583,TIC 101011575,0.1242,2.39,9.7,K4 V,4511.0,0.65,0.73,0.180,0.48,K5V,0.001,0.1,1.23
HD 73583 b,HD 73583,TIC 101011575,0.0604,2.79,10.2,K4 V,4511.0,0.65,0.73,0.180,0.48,K5V,0.001,0.1,1.23
TOI-2580 b,TOI-2580,TIC 102713734,0.048,17.37392009,200.23189641,F,6120.0,1.81,1.33,4.130,2.0,F8V,0.001,0.1,1.23
TOI-815 b,TOI-815,TIC 102840239,0.0903,2.94,7.6,K3 V,4869.0,0.77,0.776,0.313,0.2,K3V,0.001,0.1,1.23
TOI-815 c,TOI-815,TIC 102840239,0.193,2.62,23.5,K3 V,4869.0,0.77,0.776,0.313,0.2,K3V,0.001,0.1,1.23
TOI-1235 b,TOI-1235,TIC 103633434,0.03845,1.69,6.69,M0.5 V,3997.0,0.619,0.63,0.088,5.3,K8V,0.001,0.1,1.23
TOI-733 b,TOI-733,TIC 106402532,0.0618,1.992,5.72,G,5585.0,0.949,0.956,0.820,4.4,G6V,0.001,0.1,1.23
TOI-2876 b,TOI-2876,TIC 10827386,0.0654,9.6397234,54.03082919,,5271.0,0.873,0.939,0.529,3.8,K0V,0.001,0.1,1.23
TOI-1411 b,TOI-1411,TIC 116483514,0.02122,1.19880592,2.0,,4115.0,0.614,0.6045,0.097,9.6,K7V,0.001,0.1,1.23
TOI-2447 b,TOI-2447,TIC 1167538,0.347,9.60609646,124.906563951,,5730.0,1.006,1.034,1.119,2.1,G3V,0.001,0.1,1.23
TOI-244 b,TOI-244,TIC 118327550,0.0559,1.52,2.68,M2.5 V,3433.0,0.426,0.428,0.023,7.0,M3V,0.001,0.6,1.23
TOI-6695 b,TOI-6695,TIC 118339710,0.402,9.52763359,66.74396547,F5V-G0V,6400.0,1.517,1.338,3.470,2.1,F6V,0.001,0.1,1.23
TOI-7510 c,TOI-7510,TIC 118798035,0.1595,10.81,131.0,G3,5720.0,1.035,1.063,1.026,4.4,G3V,0.001,0.1,1.23
TOI-7510 b,TOI-7510,TIC 118798035,0.1019,7.31,18.1,G3,5720.0,1.035,1.063,1.026,4.4,G3V,0.001,0.1,1.23
TOI-7510 d,TOI-7510,TIC 118798035,0.2672,10.52,190.0,G3,5720.0,1.035,1.063,1.026,4.4,G3V,0.001,0.1,1.23
TOI-1801 b,TOI-1801,TIC 119584412,0.075,2.079,5.738,M0.5+/-0.5 V,3863.0,0.547,0.556,0.059,0.7,M0V,0.001,0.6,1.23
TOI-5634 A b,TOI-5634 A,TIC 119585136,0.0272,10.42,588.0,,3896.0,0.54,0.556,0.057,7.4,K9V,0.001,0.1,1.23
TOI-4495 b,TOI-4495,TIC 120826158,0.03957,2.483,7.7,,6210.0,1.309,1.247,2.326,1.9,F8V,0.001,0.1,1.23
TOI-4495 c,TOI-4495,TIC 120826158,0.06323,4.03,23.2,,6210.0,1.309,1.247,2.326,1.9,F8V,0.001,0.1,1.23
HD 15337 c,HD 15337,TIC 120896927,0.1235,2.526,6.792,K1 V,5131.0,0.855,0.829,0.472,9.6,K2V,0.001,0.1,1.23
HD 15337 b,HD 15337,TIC 120896927,0.05245,1.77,6.519,K1 V,5131.0,0.855,0.829,0.472,9.6,K2V,0.001,0.1,1.23
TOI-5153 b,TOI-5153,TIC 124029677,0.158,11.88151954,1036.12060682,F8 V,6300.0,1.4,1.24,2.912,5.4,F7V,0.001,0.1,1.23
TOI-2803 A b,TOI-2803 A,TIC 124379043,0.03185,18.11371281,309.882696825,,6280.0,1.245,1.118,2.170,3.7,F7V,0.001,0.1,1.23
TOI-669 b,TOI-669,TIC 124573851,0.048,2.58606487,10.0,,5597.0,0.9882,0.9245,0.866,7.9,G6V,0.001,0.1,1.23
TOI-3856 b,TOI-3856,TIC 125552076,0.0325,13.59649359,171.62733978,,5622.0,1.055,1.096,1.002,2.6,G6V,0.001,0.1,1.23
WASP-132 c,WASP-132,TIC 127530399,0.01833,1.841,6.26,K4 V,4686.0,0.758,0.789,0.266,7.2,K4V,0.001,0.1,1.23
HD 63433 c,HD 63433,TIC 130181866,0.146,2.692,15.539,G5 V,5553.0,0.934,0.956,0.748,0.414,G7V,0.001,0.1,1.23
HD 63433 b,HD 63433,TIC 130181866,0.072,2.14,21.755,G5 V,5553.0,0.934,0.956,0.748,0.414,G7V,0.001,0.1,1.23
TOI-757 b,TOI-757,TIC 130924120,0.122,2.5,10.5,K0 V,5278.0,0.78,0.8,0.420,7.5,K0V,0.001,0.1,1.23
TOI-500 b,TOI-500,TIC 134200185,0.01189,1.166,1.42,K6 V,4440.0,0.678,0.74,0.200,5.0,K5V,0.001,0.1,1.23
TIC 139270665 b,TIC 139270665,TIC 139270665,0.163,7.22979255,147.154552441,G2,5844.0,1.016,1.035,1.077,3.4,G1V,0.001,0.1,1.23
TOI-332 b,TOI-332,TIC 139285832,0.0159,3.2,57.2,K0 V,5251.0,0.87,0.88,0.601,5.0,K0V,0.001,0.1,1.23
TOI-1601 b,TOI-1601,TIC 139375960,0.069,14.19902343,387.0,,5982.0,2.195,1.5055,5.594,2.4,F9.5V,0.001,0.1,1.23
TOI-157 b,TOI-157,TIC 140691463,0.03138,14.414774,375.0394,G9 IV,5404.0,1.167,0.948,1.047,12.82,G9V,0.001,0.1,1.23
TOI-3862 b,TOI-3862,TIC 141205978,0.02539,5.53,53.7,,5300.0,0.92,0.9,0.639,nan,K0V,0.001,0.1,1.23
TOI-4127 b,TOI-4127,TIC 141488193,0.3081,12.28504285,731.0053361,F V,6096.0,1.293,1.23,2.072,4.8,F9V,0.001,0.1,1.23
TOI-5340 b,TOI-5340,TIC 14156936,0.0628,15.07607904,270.15414595,,5990.0,1.842,1.35,3.940,3.5,F9.5V,0.001,0.1,1.23
TOI-1136 c,TOI-1136,TIC 142276270,0.0669,2.879,6.32,,5770.0,0.968,1.022,0.940,0.7,G2V,0.001,0.1,1.23
TOI-1136 b,TOI-1136,TIC 142276270,0.05106,1.9,3.5,,5770.0,0.968,1.022,0.940,0.7,G2V,0.001,0.1,1.23
TOI-1136 e,TOI-1136,TIC 142276270,0.14,2.639,6.07,,5770.0,0.968,1.022,0.940,0.7,G2V,0.001,0.1,1.23
TOI-1136 g,TOI-1136,TIC 142276270,0.229,2.53,5.6,,5770.0,0.968,1.022,0.940,0.7,G2V,0.001,0.1,1.23
TOI-1136 d,TOI-1136,TIC 142276270,0.1062,4.627,8.35,,5770.0,0.968,1.022,0.940,0.7,G2V,0.001,0.1,1.23
TOI-1136 f,TOI-1136,TIC 142276270,0.174,3.73591482,9.7,,5770.0,0.968,1.022,0.940,0.7,G2V,0.001,0.1,1.23
TOI-1823 b,TOI-1823,TIC 142381532,0.212,7.5406241,67.4,,4927.0,0.8049,0.8414,0.346,6.3,K3V,0.001,0.1,1.23
TOI-1824 b,TOI-1824,TIC 142387023,0.151,2.7438269,16.0,,5165.0,0.8123,0.8801,0.424,2.5,K1V,0.001,0.1,1.23
TOI-1268 b,TOI-1268,TIC 142394656,0.0711,9.1,96.4,K1-K2,5300.0,0.92,0.96,0.515,0.245,K0V,0.001,0.1,1.23
TOI-6420 b,TOI-6420,TIC 143526233,0.0753,11.93756445,2606.1929374,,6020.0,1.312,1.165,2.050,4.4,F9V,0.001,0.1,1.23
TOI-3877 b,TOI-3877,TIC 144310492,0.0529,11.67975789,99.798119798,,5731.0,1.445,1.16,2.030,5.9,G3V,0.001,0.1,1.23
TOI-1803 b,TOI-1803,TIC 144401492,0.06,2.99,10.32,,4687.0,0.715,0.756,0.222,1.4,K4V,0.001,0.1,1.23
TOI-1803 c,TOI-1803,TIC 144401492,0.097,4.29,8.0,,4687.0,0.715,0.756,0.222,1.4,K4V,0.001,0.1,1.23
TOI-532 b,TOI-532,TIC 144700903,0.0296,5.82,61.5,,3927.0,0.612,0.639,0.080,7.1,K9V,0.001,0.1,1.23
TOI-942 c,TOI-942,TIC 146520535,0.08598,4.67,37.0,K2.5 V,4969.0,0.894,0.822,0.438,0.053,K2V,0.001,0.1,1.23
TOI-942 b,TOI-942,TIC 146520535,0.04866,3.89,16.0,K2.5 V,4969.0,0.894,0.822,0.438,0.053,K2V,0.001,0.1,1.23
NGTS-34 b,NGTS-34,TIC 147277741,0.257,3.65,19.1,F8 V,6134.0,1.367,1.266,2.380,2.7,F8V,0.001,0.1,1.23
TOI-2005 b,TOI-2005,TIC 147660886,0.16,11.99360935,2034.1018048,,7130.0,2.02,1.59,9.170,1.6,F0V,0.001,0.1,1.23
TOI-1194 b,TOI-1194,TIC 147950620,0.034,8.71664516,120.0,,5394.0,0.9608,0.9835,0.706,4.9,G9V,0.001,0.1,1.23
TOI-640 b,TOI-640,TIC 147977348,0.06608,19.2794468,181.16219199,,6460.0,2.082,1.536,6.830,1.99,F5V,0.001,0.1,1.23
TOI-2986 b,TOI-2986,TIC 148497855,0.04489,9.292245,96.619835728,,5906.0,1.458,1.122,2.332,6.3,G0V,0.001,0.1,1.23
TOI-2525 c,TOI-2525,TIC 149601126,0.249,10.13291855,208.813263399,K8 V,5096.0,0.785,0.849,0.363,3.99,K2V,0.001,0.1,1.23
TOI-2525 b,TOI-2525,TIC 149601126,0.1511,8.67575106,26.697586188,K8 V,5096.0,0.785,0.849,0.363,3.99,K2V,0.001,0.1,1.23
TOI-286 b,TOI-286,TIC 150030205,0.0503,1.42,4.53,K3 V,5152.0,0.78,0.832,0.386,nan,K1V,0.001,0.1,1.23
TOI-286 c,TOI-286,TIC 150030205,0.213,1.88,3.72,K3 V,5152.0,0.78,0.832,0.386,nan,K1V,0.001,0.1,1.23
TOI-220 b,TOI-220,TIC 150098860,0.08911,3.03,13.8,K0 V,5298.0,0.858,0.825,0.541,10.1,K0V,0.001,0.1,1.23
TOI-2818 b,TOI-2818,TIC 151483286,0.0493,15.27784069,225.65816897,,5721.0,1.229,0.977,1.460,9.5,G3V,0.001,0.1,1.23
TOI-5795 b,TOI-5795,TIC 151724385,0.064,5.62,23.66,G3 V,5715.0,1.082,0.901,1.130,10.2,G3V,0.001,0.1,1.23
TOI-5800 b,TOI-5800,TIC 151759246,0.0344,2.46,9.5,K3 V,4850.0,0.773,0.778,0.309,8.1,K3V,0.001,0.1,1.23
TOI-406.01,TOI-406,TIC 153065527,0.0809,2.08,6.57,M3,3392.0,0.41,0.408,0.019,nan,M3V,0.001,0.6,1.23
TOI-406 c,TOI-406,TIC 153065527,0.0322,1.32,2.08,M3,3392.0,0.41,0.408,0.019,nan,M3V,0.001,0.6,1.23
TOI-1238 b,TOI-1238,TIC 153951307,0.0139,1.21,3.76,K7/M0,4089.0,0.58,0.59,0.083,0.8,K7V,0.001,0.1,1.23
TOI-1238 c,TOI-1238,TIC 153951307,0.037,2.11,8.32,K7/M0,4089.0,0.58,0.59,0.083,0.8,K7V,0.001,0.1,1.23
TOI-1174 b,TOI-1174,TIC 154089169,0.07994,2.562,32.0,,5030.0,0.76,0.85,0.395,2.7,K2V,0.001,0.1,1.23
TOI-5616 b,TOI-5616,TIC 154220877,0.0272,10.78,624.0,,3996.0,0.646,0.666,0.102,7.2,K8V,0.001,0.1,1.23
TOI-3976 A b,TOI-3976 A,TIC 154293917,0.0743,12.27383387,55.619971225,,5975.0,1.501,1.254,2.588,3.8,F9.5V,0.001,0.1,1.23
TOI-1135 b,TOI-1135,TIC 154872375,0.082337403,9.34085,51.42,G0,5962.7,1.15,1.156039,1.702,0.562,F9.5V,0.001,0.1,1.23
TOI-3714 b,TOI-3714,TIC 155867025,0.027,11.32107051,222.4798849,M2,3660.0,0.51,0.53,0.039,2.9,M1V,0.001,0.6,1.23
TOI-3912 b,TOI-3912,TIC 156648452,0.0463,14.28024141,129.038333242,,5725.0,1.392,1.088,1.876,7.5,G3V,0.001,0.1,1.23
TOI-4465 b,TOI-4465,TIC 157236902,0.416,14.01122587,1872.00931723,G V,5545.0,1.014,0.93,0.846,nan,G7V,0.001,0.1,1.23
TOI-2589 b,TOI-2589,TIC 157698565,0.3,12.10569916,1112.3994245,,5579.0,1.07,0.93,0.990,11.0,G6V,0.001,0.1,1.23
TOI-1180 b,TOI-1180,TIC 158002130,0.080799,3.072,10.0,,4738.0,0.73,0.75,0.265,5.0,K3V,0.001,0.1,1.23
TOI-1416 b,TOI-1416,TIC 158025009,0.019,1.62,3.48,G9 V,4884.0,0.793,0.798,0.347,6.9,K3V,0.001,0.1,1.23
TOI-674 b,TOI-674,TIC 158588995,0.025,5.25,23.6,M2 V,3514.0,0.42,0.42,0.024,nan,M2.5V,0.001,0.6,1.23
TOI-2019 b,TOI-2019,TIC 159781361,0.128,5.33275337,34.4,,5626.0,1.7457,1.1832,2.759,6.4,G6V,0.001,0.1,1.23
TOI-5344 b,TOI-5344,TIC 16005254,0.04041,10.60369574,130.945303684,,3747.0,0.588,0.612,0.061,10.9,M0.5V,0.001,0.6,1.23
TOI-3568 b,TOI-3568,TIC 160390955,0.0485,5.3,26.4,,4969.0,0.719,0.78,2.138,6.1,K2V,0.001,0.1,1.23
TOI-1080 b,TOI-1080,TIC 161032923,0.0272,1.2,10.7,M4.0&plusmn;1.0 V,3065.0,0.2019,0.1667,0.003,6.0,M5V,0.0001,0.6,1.23
TOI-3593 b,TOI-3593,TIC 162289289,0.0481,11.02963701,565.73456446,,5550.0,0.918,1.015,0.722,1.8,G7V,0.001,0.1,1.23
TOI-2641 b,TOI-2641,TIC 162802770,0.0607,18.10250383,122.681765102,F9 V,6100.0,1.336,1.16,2.190,10.8,F9V,0.001,0.1,1.23
TOI-1278 b,TOI-1278,TIC 163539739,0.095,12.21778896,5879.8255295,M0 V,3799.0,0.573,0.54,0.061,nan,M0.5V,0.001,0.6,1.23
HIP 8152 b,HIP 8152,TIC 164767175,0.093,2.53625843,8.9,,5618.0,0.9603,0.9373,0.831,6.0,G6V,0.001,0.1,1.23
HIP 8152 c,HIP 8152,TIC 164767175,0.139,2.52442508,10.7,,5618.0,0.9603,0.9373,0.831,6.0,G6V,0.001,0.1,1.23
TOI-4666 b,TOI-4666,TIC 165202476,0.0333,12.44196858,222.4798849,M2.5 V,3512.0,0.59,0.58,0.060,nan,M2.5V,0.001,0.6,1.23
TOI-3894 b,TOI-3894,TIC 165464482,0.05354,15.27784069,260.61929374,,6000.0,1.502,1.138,2.624,5.7,F9.5V,0.001,0.1,1.23
TOI-4336 A b,TOI-4336 A,TIC 166184428,0.0849,2.137,3.33,M3.5 V,3307.0,0.326,0.306,0.011,6.7,M3.5V,0.001,0.6,1.23
NGTS-31 b,NGTS-31,TIC 167714124,0.064,18.04645893,355.96781584,,5710.0,1.7,0.96,2.773,9.97,G3V,0.001,0.1,1.23
TOI-2524 b,TOI-2524,TIC 169249234,0.073,11.2089807,203.41018048,,5831.0,1.119,1.007,1.307,6.7,G1V,0.001,0.1,1.23
TOI-329 b,TOI-329,TIC 169765334,0.0638,4.94057819,40.4,,5614.0,1.5326,1.0678,2.114,8.7,G6V,0.001,0.1,1.23
TOI-2449 b,TOI-2449,TIC 170729775,0.45,11.24,222.0,G,6021.0,1.065,1.079,1.406,2.5,F9V,0.001,0.1,1.23
TOI-1899 b,TOI-1899,TIC 172370679,0.1525,11.09689089,212.94503269,M0,3926.0,0.607,0.632,0.088,7.1,K9V,0.001,0.1,1.23
TOI-1789 b,TOI-1789,TIC 172518755,0.04882,16.14093221,222.4798849,F,5991.0,2.168,1.507,5.450,2.73,F9.5V,0.001,0.1,1.23
TIC 172900988 b,TIC 172900988 Aa,TIC 172900988,0.90281,11.25,942.0,F9,6050.0,1.3842,1.2384,4.688,3.1,F9V,0.001,0.1,1.23
TOI-6651 b,TOI-6651,TIC 174328045,0.0633,5.09,61.0,,5940.0,1.721,1.323,3.330,3.71,G0V,0.001,0.1,1.23
HR 858 c,HR 858,TIC 178155732,0.0687,1.979,3.8,F6 V,6354.0,1.258,1.204,2.310,2.0,F6V,0.001,0.1,1.23
HR 858 b,HR 858,TIC 178155732,0.04888,2.004,3.55,F6 V,6354.0,1.258,1.204,2.310,2.0,F6V,0.001,0.1,1.23
HR 858 d,HR 858,TIC 178155732,0.1046,2.001,7.1,F6 V,6354.0,1.258,1.204,2.310,2.0,F6V,0.001,0.1,1.23
TOI-2842 b,TOI-2842,TIC 178162579,0.0475,12.84549188,117.59651059,,5910.0,1.265,1.135,1.760,4.7,G0V,0.001,0.1,1.23
TOI-3540 A b,TOI-3540 A,TIC 17865622,0.04289,23.53885947,375.03752026,,5810.0,1.228,1.081,1.549,6.0,G2V,0.001,0.1,1.23
TOI-762 A b,TOI-762 A,TIC 178709444,0.03418,8.33948164,79.774930157,,3266.0,0.425,0.442,0.018,9.3,M3.5V,0.001,0.6,1.23
TOI-763 b,TOI-763,TIC 178819686,0.06,2.28,9.79,G,5450.0,0.897,0.917,0.702,nan,G8V,0.001,0.1,1.23
TOI-763 c,TOI-763,TIC 178819686,0.1011,2.63,9.32,G,5450.0,0.897,0.917,0.702,nan,G8V,0.001,0.1,1.23
TOI-163 b,TOI-163,TIC 179317684,0.058,16.690201,387.7526,F,6495.0,1.648,1.4352,4.330,1.823,F5V,0.001,0.1,1.23
TOI-4507 b,TOI-4507,TIC 179582003,0.456,8.2,20.0,F,6260.0,1.04,1.11,1.410,0.7,F7V,0.001,0.1,1.23
TOI-1807 b,TOI-1807,TIC 180695581,0.0122,1.49681583,2.44,,4914.0,0.746,0.8048,0.293,2.1,K3V,0.001,0.1,1.23
LP 791-18 c,LP 791-18,TIC 181804752,0.02961,2.488,7.16,M(6.1 +/- 0.7) V,2960.0,0.182,0.139,0.002,0.5,M5.5V,0.0001,0.6,1.23
TOI-169 b,TOI-169,TIC 183120439,0.03524,12.172974,251.40353,G1 V,5880.0,1.288,1.147,1.789,4.7,G1V,0.001,0.1,1.23
LTT 9779 b,LTT 9779,TIC 183985250,0.01679,4.72,29.32,G7 V,5443.0,0.949,1.02,0.680,2.0,G8V,0.001,0.1,1.23
TOI-6303 b,TOI-6303,TIC 186810676,0.0761,11.59,2493.0,,3977.0,0.609,0.644,0.082,6.4,K8V,0.001,0.1,1.23
GJ 3929 b,GJ 3929,TIC 188589164,0.0252,1.09,1.75,M3.5 V,3384.0,0.32,0.313,0.011,7.1,M3V,0.001,0.6,1.23
TOI-615 b,TOI-615,TIC 190496853,0.0678,18.97680433,138.255357045,F2 V,6850.0,1.732,1.449,5.860,1.7,F2V,0.001,0.1,1.23
TOI-6041 b,TOI-6041,TIC 192415680,0.1651,4.55,28.9,G7,5445.0,0.879,0.885,0.613,7.9,G8V,0.001,0.1,1.23
Ross 176 b,Ross 176,TIC 193336820,0.0464,1.84,4.57,K7 V,4041.0,0.569,0.577,0.078,3.0,K8V,0.001,0.1,1.23
TOI-5688 A b,TOI-5688 A,TIC 193634953,0.03379,10.3,124.0,,3713.0,0.57,0.6,0.059,7.2,M1V,0.001,0.6,1.23
TOI-824 b,TOI-824,TIC 193641523,0.02177,2.926,18.467,K4 V,4600.0,0.695,0.71,0.195,7.5,K4V,0.001,0.1,1.23
TOI-4487 A b,TOI-4487 A,TIC 193754373,0.05448,14.60530185,397.28550875,,6206.0,1.634,1.378,3.570,2.45,F8V,0.001,0.1,1.23
TOI-6038 A b,TOI-6038 A,TIC 194736418,0.069,6.41,78.5,,6110.0,1.648,1.291,3.410,3.65,F9V,0.001,0.1,1.23
TOI-3331 A b,TOI-3331 A,TIC 194795551,0.03144,12.97999965,721.47048389,,5609.0,0.952,1.016,0.807,2.1,G6V,0.001,0.1,1.23
TOI-858 B b,TOI-858 B,TIC 198008005,0.04435,14.06727078,349.6112477,G0,5842.0,1.308,1.081,1.790,6.8,G1V,0.001,0.1,1.23
TOI-1798.01,TOI-1798,TIC 198153540,0.074984,2.448,6.5,,5165.0,0.78,0.87,0.384,2.6,K1V,0.001,0.1,1.23
TOI-1798.02,TOI-1798,TIC 198153540,0.010789,1.464,5.6,,5165.0,0.78,0.87,0.384,2.6,K1V,0.001,0.1,1.23
TOI-1269 b,TOI-1269,TIC 198241702,0.0496,2.40144286,6.4,,5499.0,0.8521,0.9027,0.603,3.1,G8V,0.001,0.1,1.23
TOI-1437 b,TOI-1437,TIC 198356533,0.14,2.24,9.6,,6008.0,1.17,1.1,1.926,6.7,F9.5V,0.001,0.1,1.23
HD 332231 b,HD 332231,TIC 199376584,0.145,9.07303305,74.1,F8,6128.0,1.266,1.1642,2.032,2.9,F8V,0.001,0.1,1.23
TOI-1410.01,TOI-1410,TIC 199444169,0.0207,3.10083009,12.5,,4635.0,0.7558,0.7941,0.239,6.6,K4V,0.001,0.1,1.23
TOI-257 b,TOI-257,TIC 200723869,0.1528,7.16253867,43.860320166,,6095.0,1.867,1.407,4.330,nan,F9V,0.001,0.1,1.23
TOI-2379 b,TOI-2379,TIC 201177276,0.05263,11.72459381,1830.69162432,,3707.0,0.622,0.645,0.074,10.4,M1V,0.001,0.6,1.23
TOI-1634 b,TOI-1634,TIC 201186294,0.01545,1.773,7.57,M2,3472.0,0.45,0.451,0.026,nan,M2.5V,0.001,0.6,1.23
HIP 65 A b,HIP 65 A,TIC 201248411,0.01782,22.75427,1021.18779,K4 V,4590.0,0.7242,0.781,0.210,4.1,K4V,0.001,0.1,1.23
TOI-3984 A b,TOI-3984 A,TIC 20182780,0.041,7.9,44.0,M4+/-0.5,3476.0,0.47,0.49,0.027,2.9,M2.5V,0.001,0.6,1.23
TOI-5386 A b,TOI-5386 A,TIC 202425357,0.04856,14.70618268,155.100262616,,6094.0,1.245,1.165,1.927,3.4,F9V,0.001,0.1,1.23
TOI-4551 b,TOI-4551,TIC 204650483,0.0994,11.85910158,473.56432643,,4896.0,3.55,1.31,6.350,4.92,K3V,0.001,0.1,1.23
TOI-4406 b,TOI-4406,TIC 206541859,0.201,11.2089807,95.3485221,,6219.0,1.29,1.19,2.300,2.9,F8V,0.001,0.1,1.23
TOI-558 b,TOI-558,TIC 207110080,0.1291,12.17295304,1147.36054927,F V,6466.0,1.496,1.349,3.520,1.79,F5V,0.001,0.1,1.23
HD 18599 b,HD 18599,TIC 207141131,0.048,2.6,24.1,K2 V,5145.0,0.767,0.863,0.372,0.4,K1V,0.001,0.1,1.23
TOI-1836 b,TOI-1836,TIC 207468071,0.1597,8.00321222,38.457237247,,6380.0,1.577,1.307,3.700,6.6,F6V,0.001,0.1,1.23
TOI-1836 c,TOI-1836,TIC 207468071,0.03089,2.59987579,8.0,,6237.0,1.6454,1.2518,3.714,3.2,F7V,0.001,0.1,1.23
TOI-559 b,TOI-559,TIC 209459275,0.0723,12.22899794,1910.14872607,G V,5925.0,1.233,1.026,1.688,6.8,G0V,0.001,0.1,1.23
TOI-5678 b,TOI-5678,TIC 209464063,0.249,4.91,20.0,G7 V,5485.0,0.938,0.905,0.740,8.5,G8V,0.001,0.1,1.23
TOI-6130 b,TOI-6130,TIC 210083929,0.036,14.3474953,333.71982735,F,6110.0,1.51,1.31,2.890,0.3,F9V,0.001,0.1,1.23
TOI-2406 b,TOI-2406,TIC 212957629,0.02267,2.86,15.6,M4 V,3100.0,0.204,0.166,0.003,nan,M4.5V,0.0001,0.6,1.23
TOI-1776 b,TOI-1776,TIC 21535395,0.0378,1.21612741,1.4,,5785.0,0.9356,0.9196,0.885,5.1,G2V,0.001,0.1,1.23
TOI-2128 b,TOI-2128,TIC 21832928,0.127,2.08874836,4.5,,5968.0,1.1174,1.0251,1.433,4.7,F9.5V,0.001,0.1,1.23
TOI-519 b,TOI-519,TIC 218795833,0.0159,11.54525012,147.154552441,M V,3322.0,0.35,0.335,0.014,5.4,M3.5V,0.001,0.6,1.23
TOI-1294 b,TOI-1294,TIC 219015370,0.051,10.12369881,63.9,,5718.0,1.5566,1.1578,2.336,6.2,G3V,0.001,0.1,1.23
TOI-1244 b,TOI-1244,TIC 219850915,0.060694,2.467,6.6,,4599.0,0.721,0.73,0.235,5.9,K4V,0.001,0.1,1.23
TOI-1295 b,TOI-1295,TIC 219852584,0.047,15.69257298,451.31633794,F,6280.0,1.7,1.38,3.860,2.0,F7V,0.001,0.1,1.23
TOI-1296 b,TOI-1296,TIC 219854185,0.051,14.11645916,95.3,,5567.0,1.7031,1.1576,2.521,7.1,G7V,0.001,0.1,1.23
TOI-1742 b,TOI-1742,TIC 219857012,0.154,2.36507598,9.7,,5815.0,1.131,1.0861,1.322,3.9,G1V,0.001,0.1,1.23
TOI-2796 b,TOI-2796,TIC 220076110,0.0569,17.26183028,139.84449908,,5764.0,1.069,1.063,1.136,4.0,G2V,0.001,0.1,1.23
TOI-269 b,TOI-269,TIC 220479565,0.0345,2.77,8.8,M2 V,3514.0,0.398,0.3917,0.023,nan,M2.5V,0.001,0.6,1.23
TOI-3486 b,TOI-3486,TIC 221861843,0.03138,10.5700688,99.162462984,,4930.0,0.788,0.837,0.329,5.8,K3V,0.001,0.1,1.23
HD 86226 c,HD 86226,TIC 22221375,0.049,2.16,7.25,G1 V,5863.0,1.053,1.019,1.180,4.6,G1V,0.001,0.1,1.23
TOI-4438 b,TOI-4438,TIC 22233480,0.0534,2.52,5.4,M3.5 V,3422.0,0.372,0.368,0.017,5.1,M3V,0.001,0.6,1.23
TOI-251 b,TOI-251,TIC 224225541,0.05741,2.74,317.83,,5875.0,0.881,1.036,0.831,0.18,G1V,0.001,0.1,1.23
TOI-333 b,TOI-333,TIC 224245334,0.049,4.26,20.1,,6241.0,1.1,1.2,1.643,1.0,F7V,0.001,0.1,1.23
TOI-1279 b,TOI-1279,TIC 224297258,0.085,2.66146528,10.6,,5457.0,0.8426,0.8784,0.571,4.2,G8V,0.001,0.1,1.23
TOI-1181 b,TOI-1181,TIC 229510866,0.0364,17.02644168,374.719691853,F9 IV,6054.0,1.961,1.467,4.390,2.7,F9V,0.001,0.1,1.23
TOI-1438 c,TOI-1438,TIC 229650439,0.083,2.75,10.6,K0 V,5230.0,0.82,0.876,0.450,2.2,K0V,0.001,0.1,1.23
TOI-1438 b,TOI-1438,TIC 229650439,0.0553,3.04,9.4,K0 V,5230.0,0.82,0.876,0.450,2.2,K0V,0.001,0.1,1.23
TOI-1347 c,TOI-1347,TIC 229747848,0.0546,1.6,6.4,,5464.0,0.83,0.913,0.550,1.4,G8V,0.001,0.1,1.23
TOI-1347 b,TOI-1347,TIC 229747848,0.0171,1.8,11.1,,5464.0,0.83,0.913,0.550,1.4,G8V,0.001,0.1,1.23
TOI-5720 b,TOI-5720,TIC 230055368,0.018288,1.09,4.3,M3.5 +/- 1.0,3325.0,0.383,0.383,0.016,5.0,M3.5V,0.001,0.6,1.23
TOI-1246 d,TOI-1246,TIC 230127302,0.132,3.43139739,5.4,K V,5213.0,0.8649,0.8889,0.500,6.3,K1V,0.001,0.1,1.23
TOI-1246 b,TOI-1246,TIC 230127302,0.049,3.01,8.1,K V,5151.0,0.86,0.87,0.500,6.3,K1V,0.001,0.1,1.23
TOI-1246 c,TOI-1246,TIC 230127302,0.061,2.45109846,9.1,K V,5213.0,0.8649,0.8889,0.500,6.3,K1V,0.001,0.1,1.23
TOI-1246 e,TOI-1246,TIC 230127302,0.212,3.5141875,14.5,K V,5213.0,0.8649,0.8889,0.500,6.3,K1V,0.001,0.1,1.23
HD 135694 b,HD 135694,TIC 232540264,0.124695,2.857,6.1,,5712.0,1.08,1.02,1.095,9.8,G3V,0.001,0.1,1.23
TOI-4600 c,TOI-4600,TIC 232608943,1.152,9.42,2946.26933289,K V,5170.0,0.81,0.89,0.420,2.3,K1V,0.001,0.1,1.23
TOI-4600 b,TOI-4600,TIC 232608943,0.349,6.8,959.84178914,K V,5170.0,0.81,0.89,0.420,2.3,K1V,0.001,0.1,1.23
TOI-1248 b,TOI-1248,TIC 232612416,0.051,6.8084859,27.4,,5205.0,0.8686,0.9042,0.501,5.5,K1V,0.001,0.1,1.23
TOI-5882 b,TOI-5882,TIC 232941965,0.0804,11.46678726,6995.40323807,,5920.0,2.26,1.334,5.670,4.11,G0V,0.001,0.1,1.23
TOI-1173 b,TOI-1173,TIC 232967440,0.0696,9.19,27.4,G9,5350.0,0.934,0.911,0.678,8.7,G9V,0.001,0.1,1.23
TOI-1249 b,TOI-1249,TIC 232976128,0.109,3.2710301,11.9,,5497.0,0.9785,1.0062,0.792,4.0,G8V,0.001,0.1,1.23
TOI-1439 b,TOI-1439,TIC 232982558,0.192,4.2427861,38.5,,5841.0,1.6184,1.2313,2.760,4.6,G1V,0.001,0.1,1.23
TOI-1184 b,TOI-1184,TIC 233087860,0.056027,2.39,6.8,,4534.0,0.69,0.71,0.199,5.3,K4V,0.001,0.1,1.23
TOI-1749 c,TOI-1749,TIC 233602827,0.0443,2.12,14.0,M0 V,3985.0,0.55,0.58,0.070,0.8,K8V,0.001,0.1,1.23
TOI-1749 d,TOI-1749,TIC 233602827,0.0707,2.52,15.0,M0 V,3985.0,0.55,0.58,0.070,0.8,K8V,0.001,0.1,1.23
TOI-1749 b,TOI-1749,TIC 233602827,0.0291,1.39,57.0,M0 V,3985.0,0.55,0.58,0.070,0.8,K8V,0.001,0.1,1.23
TOI-1203.01,TOI-1203,TIC 23434737,0.1632,2.918,7.39,G3 V,5737.0,1.179,0.886,1.348,12.5,G3V,0.001,0.1,1.23
L 168-9 b,L 168-9,TIC 234994474,0.0208,1.63,4.07,M0.5 V,3842.0,0.604,0.614,0.072,nan,M0V,0.001,0.6,1.23
TOI-2095 c,TOI-2095,TIC 235678745,0.137,1.33,7.4,M2.5 V,3759.0,0.44,0.44,0.035,1.0,M0.5V,0.001,0.6,1.23
TOI-2095 b,TOI-2095,TIC 235678745,0.101,1.25,4.1,M2.5 V,3759.0,0.44,0.44,0.035,1.0,M0.5V,0.001,0.6,1.23
TOI-1298 b,TOI-1298,TIC 237104103,0.057,9.65807033,99.0,,5752.0,1.4536,1.2187,2.092,4.3,G2V,0.001,0.1,1.23
HIP 97166 b,HIP 97166,TIC 237222864,0.091,2.4801338,19.1,K0 V,5216.0,0.8418,0.9342,0.473,1.2,K1V,0.001,0.1,1.23
TOI-1443 b,TOI-1443,TIC 237232044,0.147,2.30381001,30.0,,5224.0,0.7511,0.7663,0.380,7.4,K0V,0.001,0.1,1.23
TOI-3919 b,TOI-3919,TIC 23769326,0.0795,12.31866979,1233.17421916,,6100.0,1.319,1.208,2.168,3.1,F9V,0.001,0.1,1.23
TIC 237913194 b,TIC 237913194,TIC 237913194,0.1207,12.520453,617.22586,G3,5788.0,1.088,1.026,1.196,5.7,G2V,0.001,0.1,1.23
TOI-2416 b,TOI-2416,TIC 237922465,0.0831,9.86390302,953.485221,,5808.0,1.236,1.118,1.574,4.9,G2V,0.001,0.1,1.23
TOI-4940 b,TOI-4940,TIC 237929468,0.165,6.61,89.0,G8 V,5504.0,1.163,1.012,1.116,9.8,G8V,0.001,0.1,1.23
GJ 806 b,GJ 806,TIC 239332587,0.01406,1.331,1.9,M1.5 V,3600.0,0.4144,0.413,0.026,5.0,M1.5V,0.001,0.6,1.23
TOI-2570 b,TOI-2570,TIC 239816546,0.04145,13.64132951,260.61929374,,5771.0,1.095,1.063,1.199,4.4,G2V,0.001,0.1,1.23
TOI-5110 b,TOI-5110,TIC 239977528,0.2157,11.98240037,921.7023803,,6160.0,2.333,1.469,7.030,4.0,F8V,0.001,0.1,1.23
TOI-3693 b,TOI-3693,TIC 240823272,0.0813,12.59889431,324.18497514,,5321.0,0.791,0.867,0.453,3.0,K0V,0.001,0.1,1.23
TOI-1467 b,TOI-1467,TIC 240968774,0.050748,1.92,9.0,,3834.0,0.491,0.489,0.038,7.2,M0V,0.001,0.6,1.23
TIC 241249530 b,TIC 241249530,TIC 241249530,0.641,13.29385111,1582.78546686,,6166.0,1.397,1.271,2.560,3.2,F8V,0.001,0.1,1.23
TOI-1468 b,TOI-1468,TIC 243185500,0.02107,1.401,3.04,M3.0 V,3376.0,0.3714,0.3527,0.016,nan,M3V,0.001,0.6,1.23
TOI-1468 c,TOI-1468,TIC 243185500,0.08608,2.126,4.1,M3.0 V,3376.0,0.3714,0.3527,0.016,nan,M3V,0.001,0.6,1.23
TOI-2338 b,TOI-2338,TIC 24358417,0.158,11.2089807,1900.61387386,,5581.0,1.05,0.99,0.970,7.0,G6V,0.001,0.1,1.23
TOI-3235 b,TOI-3235,TIC 243641947,0.02709,11.39953337,211.355890655,M V,3388.8,0.3697,0.3939,0.016,nan,M3V,0.001,0.6,1.23
TOI-3688 A b,TOI-3688 A,TIC 245509452,0.0456,13.08088048,311.47183886,,5950.0,1.302,1.199,1.920,3.3,G0V,0.001,0.1,1.23
TOI-5293 A b,TOI-5293 A,TIC 250111245,0.034,11.9,170.4,M3+/-1,3586.0,0.52,0.54,0.042,2.9,M2V,0.001,0.6,1.23
TOI-178 b,TOI-178,TIC 251848941,0.02607,1.2,0.96,K,4316.0,0.662,0.647,0.136,6.0,K6V,0.001,0.1,1.23
TOI-178 d,TOI-178,TIC 251848941,0.0592,2.695,5.2,K,4316.0,0.662,0.647,0.136,6.0,K6V,0.001,0.1,1.23
TOI-178 e,TOI-178,TIC 251848941,0.0783,2.301,3.48,K,4316.0,0.662,0.647,0.136,6.0,K6V,0.001,0.1,1.23
TOI-178 c,TOI-178,TIC 251848941,0.037,1.754,4.64,K,4316.0,0.662,0.647,0.136,6.0,K6V,0.001,0.1,1.23
TOI-178 g,TOI-178,TIC 251848941,0.1275,2.939,4.4,K,4316.0,0.662,0.647,0.136,6.0,K6V,0.001,0.1,1.23
TOI-1130 c,TOI-1130,TIC 254113311,0.0731,13.0,336.0,K6-K7,4360.0,0.697,0.745,0.140,5.4,K6V,0.001,0.1,1.23
TOI-1130 b,TOI-1130,TIC 254113311,0.0453,3.66,19.8,K6-K7,4360.0,0.697,0.745,0.140,5.4,K6V,0.001,0.1,1.23
TIC 257060897 b,TIC 257060897,TIC 257060897,0.04922,17.26183028,201.503210038,F,5993.0,1.863,1.187,4.030,5.6,F9.5V,0.001,0.1,1.23
NGTS-20 b,NGTS-20,TIC 257527578,0.313,11.99360935,947.12865286,G1 IV,5980.0,1.78,1.47,4.416,4.1,F9.5V,0.001,0.1,1.23
TOI-451 c,TOI-451,TIC 257605131,0.0795,2.93,3.7,G8 V,5490.0,0.85,0.93,0.590,0.125,G8V,0.001,0.1,1.23
TOI-451 b,TOI-451,TIC 257605131,0.0274,1.84,4.7,G8 V,5490.0,0.85,0.93,0.590,0.125,G8V,0.001,0.1,1.23
TOI-451 d,TOI-451,TIC 257605131,0.1168,3.93,10.2,G8 V,5490.0,0.85,0.93,0.590,0.125,G8V,0.001,0.1,1.23
TOI-1444 b,TOI-1444,TIC 258514800,0.0116,1.41792246,3.58,G,5460.0,0.9105,0.9513,0.667,3.8,G8V,0.001,0.1,1.23
TOI-2567 b,TOI-2567,TIC 258920431,0.0672,10.92875618,63.883509807,,5611.0,1.686,1.13,2.540,7.6,G6V,0.001,0.1,1.23
TOI-5218 b,TOI-5218,TIC 259172249,0.0469,9.86,657.0,,4230.0,0.708,0.739,0.150,6.7,K6V,0.001,0.1,1.23
TOI-270 d,TOI-270,TIC 259377017,0.0721,2.0,4.2,M3 V,3506.0,0.38,0.386,0.019,nan,M2.5V,0.001,0.6,1.23
TOI-270 b,TOI-270,TIC 259377017,0.03197,1.28,1.48,M,3506.0,0.38,0.386,0.019,nan,M2.5V,0.001,0.6,1.23
TOI-270 c,TOI-270,TIC 259377017,0.04526,2.33,6.2,M,3506.0,0.38,0.386,0.019,nan,M2.5V,0.001,0.6,1.23
LHS 1815 b,LHS 1815,TIC 260004324,0.0404,1.088,1.58,M1,3643.0,0.501,0.502,0.041,nan,M1V,0.001,0.6,1.23
TOI-1338 b,TOI-1338 A,TIC 260128333,0.4607,7.661,11.3,F8,5723.2,1.313,1.0936,2.133,4.4,G3V,0.001,0.1,1.23
TOI-5349 b,TOI-5349,TIC 26054627,0.0369,10.2,127.4,M1+/-0.5,3751.0,0.58,0.61,0.063,9.0,M0.5V,0.001,0.6,1.23
pi Men c,HD 39091,TIC 261136679,0.06839,2.0189,3.63,G0 V,5998.0,1.17,1.07,1.440,2.98,F9.5V,0.001,0.1,1.23
TOI-905 b,TOI-905,TIC 261867566,0.04666,13.125739,211.99261,,5570.0,0.918,0.968,0.730,3.4,G7V,0.001,0.1,1.23
GJ 3090 b,GJ 3090,TIC 262530407,0.0316,2.18,4.52,M2 V,3707.0,0.516,0.519,0.045,nan,M1V,0.001,0.6,1.23
HD 5278 b,HD 5278,TIC 263003176,0.1202,2.45,7.8,F V,6203.0,1.194,1.126,1.907,3.0,F8V,0.001,0.1,1.23
TOI-2498 b,TOI-2498,TIC 263179590,0.0491,6.06,34.62,,5905.0,1.26,1.12,1.866,3.6,G0V,0.001,0.1,1.23
HD 207897 b,HD 207897,TIC 264678534,0.117,2.34302132,14.8,K0 V,5106.0,0.7827,0.8208,0.379,4.7,K2V,0.001,0.1,1.23
TOI-2010 b,TOI-2010,TIC 26547036,0.5516,11.81426566,408.727331402,F0,5929.0,1.079,1.112,1.299,1.9,G0V,0.001,0.1,1.23
TOI-5210 b,TOI-5210,TIC 265979849,0.0557,10.72699453,81.999729006,,5723.0,1.209,1.105,1.420,5.3,G3V,0.001,0.1,1.23
HD 219666 b,HD 219666,TIC 266980320,0.06356,4.898,17.6,G5 V,5540.0,1.059,1.02,0.938,10.0,G7V,0.001,0.1,1.23
TOI-5300 b,TOI-5300,TIC 267215820,0.0295,9.86390302,190.6970442,K4 V,4610.0,0.65,0.67,0.173,nan,K4V,0.001,0.1,1.23
HD 2685 b,HD 2685,TIC 267263253,0.0568,16.14096,371.8611,,6801.0,1.56,1.43,4.660,1.31,F2V,0.001,0.1,1.23
WD 1856+534 b,WD 1856+534,TIC 267574918,0.0204,10.4,4386.054,DC,4710.0,0.0131,0.518,0.000,7.93,K4V,0.001,0.1,1.23
TOI-1937 A b,TOI-1937 A,TIC 268301217,0.01932,13.97759893,638.83509807,,5814.0,1.08,1.072,1.202,3.6,G2V,0.001,0.1,1.23
TOI-1691 b,TOI-1691,TIC 268334473,0.129365,3.66,14.6,,5759.0,1.0,1.03,0.932,6.6,G2V,0.001,0.1,1.23
TOI-2420 b,TOI-2420,TIC 268532343,0.0684,15.02003414,294.626933289,,5707.0,2.369,1.158,4.860,5.3,G3V,0.001,0.1,1.23
TOI-2529 b,TOI-2529,TIC 269333648,0.327,11.54525012,743.71847238,,5802.0,1.7,1.11,2.910,7.23,G2V,0.001,0.1,1.23
HD 191939 d,HD 191939,TIC 269701147,0.2132,2.995,2.8,G9 V,5348.0,0.94,0.81,0.650,8.7,G9V,0.001,0.1,1.23
HD 191939 b,HD 191939,TIC 269701147,0.0804,3.41,10.0,G9 V,5348.0,0.94,0.81,0.650,8.7,G9V,0.001,0.1,1.23
HD 191939 c,HD 191939,TIC 269701147,0.1752,3.195,8.0,G9 V,5348.0,0.94,0.81,0.650,8.7,G9V,0.001,0.1,1.23
TOI-150.01,TOI-150,TIC 271893367,0.07037,14.067295,797.7533,F,6255.0,1.526,1.351,3.137,2.346,F7V,0.001,0.1,1.23
TOI-3474 b,TOI-3474,TIC 274367763,0.0502,14.67255574,193.87532827,,6020.0,1.256,1.121,1.860,4.7,F9V,0.001,0.1,1.23
TOI-2076 b,TOI-2076,TIC 27491137,0.0682,2.39,16.1,K,5201.0,0.774,0.883,0.378,0.338,K1V,0.001,0.1,1.23
TOI-2076 d,TOI-2076,TIC 27491137,0.199,3.43087751,29.0,K,5192.0,0.796,0.8557,0.419,2.7,K1V,0.001,0.1,1.23
TOI-2076 c,TOI-2076,TIC 27491137,0.142,3.69441587,55.0,K,5192.0,0.796,0.8557,0.419,2.7,K1V,0.001,0.1,1.23
TOI-2382 b,TOI-2382,TIC 2760219,0.059,12.25141591,235.19302118,,6033.0,1.417,1.26,2.397,3.1,F9V,0.001,0.1,1.23
TOI-521 b,TOI-521,TIC 27649847,0.0195,1.98,5.3,M3,3544.0,0.421,0.42,0.025,0.8,M2V,0.001,0.6,1.23
TOI-4994 b,TOI-4994,TIC 277128619,0.1515,8.54124329,88.99195396,,5640.0,1.055,1.005,1.020,6.3,G5V,0.001,0.1,1.23
TOI-771 b,TOI-771,TIC 277634430,0.0208,1.36,2.47,M3,3370.0,0.232,0.22,0.006,6.7,M3V,0.001,0.6,1.23
TIC 279401253 b,TIC 279401253,TIC 279401253,0.369,11.2089807,1951.46641898,,5951.0,1.06,1.13,1.250,1.2,G0V,0.001,0.1,1.23
HD 21749 c,GJ 143,TIC 279741379,0.0695,0.892,3.7,K4.5,4640.0,0.695,0.73,0.206,3.8,K4V,0.001,0.1,1.23
GJ 143 b,GJ 143,TIC 279741379,0.1915,2.61,22.7,K4.5,4640.0,0.695,0.73,0.206,3.8,K4V,0.001,0.1,1.23
TOI-4145 A b,TOI-4145 A,TIC 279947414,0.04823,13.30506009,136.66621501,,5281.0,0.859,0.905,0.516,4.7,K0V,0.001,0.1,1.23
TOI-375 b,TOI-375,TIC 280097543,0.099,10.77183045,236.782163215,,5259.9,2.9,1.441,5.754,2.94,K0V,0.001,0.1,1.23
TOI-677 b,TOI-677,TIC 280206394,0.1041,13.11450742,392.200254238,F8,6295.0,1.28,1.181,2.050,2.92,F7V,0.001,0.1,1.23
TOI-969 b,TOI-969,TIC 280437559,0.02636,2.765,9.1,K V,4435.0,0.671,0.734,0.199,2.03,K5V,0.001,0.1,1.23
TOI-3364 b,TOI-3364,TIC 280655495,0.0675,12.22899794,530.77343969,,5706.0,1.419,1.186,1.930,5.4,G3V,0.001,0.1,1.23
TOI-628 b,TOI-628,TIC 281408474,0.0486,11.88154,2011.8639,,6250.0,1.345,1.311,2.480,1.28,F7V,0.001,0.1,1.23
TOI-5005 b,TOI-5005,TIC 282485660,0.06614,6.25,32.7,G2 V,5749.0,0.93,0.97,0.990,2.2,G2V,0.001,0.1,1.23
TOI-1470 c,TOI-1470,TIC 284441182,0.106,2.47,7.24,M1.5 V,3709.0,0.469,0.471,0.038,1.3,M1V,0.001,0.6,1.23
TOI-1470 b,TOI-1470,TIC 284441182,0.0285,2.18,7.32,M1.5 V,3709.0,0.469,0.471,0.038,1.3,M1V,0.001,0.6,1.23
TOI-1728 b,TOI-1728,TIC 285048486,0.0391,5.05,26.78,M0,3980.0,0.6243,0.646,0.088,7.1,K8V,0.001,0.1,1.23
TOI-6008 b,TOI-6008,TIC 286201103,0.010777,1.03,4.0,M5.0,3075.0,0.242,0.23,0.005,3.0,M5V,0.0001,0.6,1.23
TOI-1794 b,TOI-1794,TIC 286916251,0.082,3.29701268,8.7,,5631.0,1.3162,0.9698,1.575,10.8,G5V,0.001,0.1,1.23
TOI-1751 b,TOI-1751,TIC 287080092,0.215,2.9507845,19.5,,5970.0,1.3137,0.9382,1.983,9.0,F9.5V,0.001,0.1,1.23
TOI-2981 b,TOI-2981,TIC 287145649,0.048,13.4,638.0,,5940.0,1.08,1.03,1.306,4.5,G0V,0.001,0.1,1.23
TOI-2141 b,TOI-2141,TIC 287256467,0.1322,3.147,20.1,,5635.0,0.95,0.896,0.891,9.0,G5V,0.001,0.1,1.23
TOI-1259 A b,TOI-1259 A,TIC 288735205,0.0407,11.45557828,140.162327487,,4775.0,0.711,0.744,0.257,4.8,K3V,0.001,0.1,1.23
TOI-1685 b,TOI-1685,TIC 28900646,0.01164,1.421,3.07,M3 V,3470.0,0.462,0.466,0.030,1.4,M2.5V,0.001,0.6,1.23
TOI-1753 b,TOI-1753,TIC 289580577,0.059,2.47852533,16.6,,5621.0,0.9715,0.9483,0.852,5.9,G6V,0.001,0.1,1.23
TOI-3682 b,TOI-3682,TIC 28961316,0.048,12.80065596,69.286592726,,5703.0,1.735,1.32,2.870,4.2,G3V,0.001,0.1,1.23
TOI-3807 b,TOI-3807,TIC 289661991,0.0421,18.49481816,330.54154328,,5772.0,1.468,1.181,2.150,5.6,G2V,0.001,0.1,1.23
HD 202772 A b,HD 202772 A,TIC 290131778,0.05208,17.317905,323.23311,,6272.0,2.591,1.72,9.360,1.7,F7V,0.001,0.1,1.23
HD 207496 b,HD 207496,TIC 290348383,0.0629,2.25,6.1,K2.5 V,4819.0,0.769,0.8,0.310,0.52,K3V,0.001,0.1,1.23
TOI-3464 b,TOI-3464,TIC 290504044,0.0515,13.7646283,397.28550875,,6370.0,1.56,1.363,3.620,2.1,F6V,0.001,0.1,1.23
BD-14 3065 b,BD-14 3065 A,TIC 293607057,0.0656,21.59,3932.0,,6935.0,2.35,1.41,11.482,2.24,F1V,0.001,0.1,1.23
HD 235088 b,HD 235088,TIC 293954617,0.0706,1.982,4.15,K V,5075.0,0.772,0.849,0.360,0.7,K2V,0.001,0.1,1.23
TOI-1117 b,TOI-1117,TIC 295541511,0.033,2.46,8.9,G5 V,5635.0,1.05,0.97,0.360,4.42,G5V,0.001,0.1,1.23
HD 28109 d,HD 28109,TIC 29781292,0.411,3.11,5.8,F8,6189.0,1.425,1.227,2.710,3.2,F8V,0.001,0.1,1.23
HD 28109 b,HD 28109,TIC 29781292,0.1357,2.69,6.2,F8,6189.0,1.425,1.227,2.710,3.2,F8V,0.001,0.1,1.23
HD 28109 c,HD 28109,TIC 29781292,0.308,4.13,9.2,F8,6189.0,1.425,1.227,2.710,3.2,F8V,0.001,0.1,1.23
TOI-172 b,TOI-172,TIC 29857954,0.0914,10.816685,1722.6386,,5645.0,1.777,1.128,2.890,7.4,G5V,0.001,0.1,1.23
TOI-2180 b,TOI-2180,TIC 298663873,0.828,11.32107051,875.617261285,G5,5695.0,1.636,1.111,2.544,8.1,G4V,0.001,0.1,1.23
TOI-1201 b,TOI-1201,TIC 29960110,0.0287,2.415,6.28,M2.0 V,3476.0,0.508,0.512,0.034,nan,M2.5V,0.001,0.6,1.23
TOI-1062 b,TOI-1062,TIC 299799658,0.052,2.265,10.15,G9 V,5328.0,0.84,0.94,0.532,2.5,G9V,0.001,0.1,1.23
TOI-2322 b,TOI-2322,TIC 300812741,0.0924,0.994,2.31,K4,4664.0,0.662,0.703,0.181,3.9,K4V,0.001,0.1,1.23
TOI-2322 c,TOI-2322,TIC 300812741,0.1362,1.874,18.1,K4,4664.0,0.662,0.703,0.181,3.9,K4V,0.001,0.1,1.23
TOI-5076 b,TOI-5076,TIC 303432813,0.1481,3.48935569,16.1456830756,K2 V,4780.0,0.844,0.789,0.336,8.4,K3V,0.001,0.1,1.23
NGTS-27 b,NGTS-27,TIC 305739565,0.0446,15.64773706,188.472245351,,5700.0,1.77,1.07,3.264,7.9,G3V,0.001,0.1,1.23
HIP 9618 b,HIP 9618,TIC 306263608,0.145,3.82838127,8.3,,5649.0,0.9593,0.942,0.848,5.6,G5V,0.001,0.1,1.23
HIP 9618 c,HIP 9618,TIC 306263608,0.269,3.42855926,7.0,,5649.0,0.9593,0.942,0.848,5.6,G5V,0.001,0.1,1.23
TOI-3321 b,TOI-3321,TIC 306648160,0.047,15.55806521,176.076937478,,5850.0,1.549,1.041,2.540,8.1,G1V,0.001,0.1,1.23
TOI-1472 b,TOI-1472,TIC 306955329,0.064,4.058,18.05,,5100.0,0.84,0.87,0.441,3.1,K2V,0.001,0.1,1.23
TOI-776 b,TOI-776,TIC 306996324,0.0653,1.798,5.0,M1 V,3725.0,0.547,0.542,0.049,6.1,M0.5V,0.001,0.6,1.23
TOI-776 c,TOI-776,TIC 306996324,0.1001,2.047,6.9,M1 V,3725.0,0.547,0.542,0.049,6.1,M0.5V,0.001,0.6,1.23
L 98-59 c,L 98-59,TIC 307210830,0.0309,1.329,2.0,M3 V,3415.0,0.3155,0.2923,0.012,4.94,M3V,0.001,0.6,1.23
L 98-59 d,L 98-59,TIC 307210830,0.0494,1.627,1.64,M3 V,3415.0,0.3155,0.2923,0.012,4.94,M3V,0.001,0.6,1.23
L 98-59 b,L 98-59,TIC 307210830,0.0223,0.837,0.46,M3 V,3415.0,0.3155,0.2923,0.012,4.94,M3V,0.001,0.6,1.23
HD 260655 b,HD 260655,TIC 307809773,0.02933,1.24,2.14,M0 V,3803.0,0.439,0.439,0.036,5.0,M0.5V,0.001,0.6,1.23
HD 260655 c,HD 260655,TIC 307809773,0.04749,1.533,3.09,M0 V,3803.0,0.439,0.439,0.036,5.0,M0.5V,0.001,0.6,1.23
TOI-4633 c,TOI-4633,TIC 307958020,0.847,3.2,123.0,G V,5800.0,1.05,1.1,2.048,1.3,G2V,0.001,0.1,1.23
TOI-3837 b,TOI-3837,TIC 308073360,0.099,10.87271128,187.51876013,,5905.0,1.2,0.89,1.571,11.2,G0V,0.001,0.1,1.23
TOI-6330 b,TOI-6330,TIC 308120029,0.05763,10.89,3179.0,,3539.0,0.49,0.531,0.037,7.6,M2V,0.001,0.6,1.23
TOI-199 b,TOI-199,TIC 309792357,0.4254,9.07927437,54.03082919,G9 V,5255.0,0.82,0.936,0.459,0.8,K0V,0.001,0.1,1.23
TOI-4087 b,TOI-4087,TIC 310002617,0.04469,13.04725353,232.01473711,,6060.0,1.112,1.178,1.500,0.8,F9V,0.001,0.1,1.23
TOI-3980 b,TOI-3980,TIC 312548829,0.0494,14.4595851,187.51876013,,5840.0,1.626,1.24,2.770,4.7,G1V,0.001,0.1,1.23
TOI-431 b,TOI-431,TIC 31374837,0.0113,1.28,3.07,,4850.0,0.731,0.78,0.272,nan,K3V,0.001,0.1,1.23
TOI-431 d,TOI-431,TIC 31374837,0.098,3.29,9.9,,4850.0,0.731,0.78,0.272,nan,K3V,0.001,0.1,1.23
TOI-1052 b,TOI-1052,TIC 317060587,0.09103,2.87,16.9,,6146.0,1.264,1.204,2.420,2.3,F8V,0.001,0.1,1.23
TOI-2346 b,TOI-2346,TIC 317483660,0.0473,16.11851425,394.10722468,,6480.0,1.38,1.271,3.030,1.9,F5V,0.001,0.1,1.23
TOI-480 b,TOI-480,TIC 317548889,0.077,2.85372018,20.8,,6174.0,1.4877,1.2793,2.897,2.7,F8V,0.001,0.1,1.23
LHS 1903 c,LHS 1903,TIC 318022259,0.05387,2.046,4.55,M,3664.0,0.539,0.538,0.047,7.08,M1V,0.001,0.6,1.23
LHS 1903 b,LHS 1903,TIC 318022259,0.02656,1.382,3.28,M,3664.0,0.539,0.538,0.047,7.08,M1V,0.001,0.6,1.23
LHS 1903 d,LHS 1903,TIC 318022259,0.08604,2.5,5.96,M,3664.0,0.539,0.538,0.047,7.08,M1V,0.001,0.6,1.23
TOI-2443 b,TOI-2443,TIC 318753380,0.105,2.363,4.8,K5 V,4375.0,0.631,0.642,0.136,7.5,K5V,0.001,0.1,1.23
TOI-2886 b,TOI-2886,TIC 318796593,0.02871,18.6405349,444.9597698,,6240.0,1.241,1.229,2.100,1.7,F7V,0.001,0.1,1.23
HD 183579 b,HD 183579,TIC 320004517,0.1322,3.49,20.4,G2 V,5784.0,0.96,0.996,0.925,3.1,G2V,0.001,0.1,1.23
TOI-1420 b,TOI-1420,TIC 321857016,0.071,11.89,25.1,,5510.0,0.923,0.987,0.705,10.7,G8V,0.001,0.1,1.23
NGTS-30 b,NGTS-30,TIC 322807371,0.408,10.40193409,305.11527072,,5455.0,0.913,0.94,0.650,1.1,G8V,0.001,0.1,1.23
TOI-6692 b,TOI-6692,TIC 324609409,0.512,11.67975789,197.05361234,,5890.0,1.385,1.047,2.080,7.8,G1V,0.001,0.1,1.23
TOI-6016 b,TOI-6016,TIC 327369524,0.055,13.67495645,371.85923619,F,6110.0,1.51,1.31,2.890,0.3,F9V,0.001,0.1,1.23
TOI-6383 A b,TOI-6383 A,TIC 328513434,0.02292,11.29,331.0,M3,3444.0,0.457,0.458,0.033,nan,M3V,0.001,0.6,1.23
TOI-2485 b,TOI-2485,TIC 328934463,0.1093,12.1393261,766.602117684,,6016.4,1.72,1.163,3.310,6.0,F9.5V,0.001,0.1,1.23
TOI-2285 b,TOI-2285,TIC 329148988,0.1363,1.77,19.5,,3491.0,0.464,0.454,0.029,nan,M2.5V,0.001,0.6,1.23
TOI-2714 b,TOI-2714,TIC 332534326,0.036,13.72,228.0,,5665.0,1.25,1.07,1.446,5.5,G5V,0.001,0.1,1.23
TOI-2373 b,TOI-2373,TIC 332558858,0.112,10.42435205,2955.8041851,,5651.0,1.102,1.041,1.125,5.9,G5V,0.001,0.1,1.23
TOI-1422 b,TOI-1422,TIC 333473672,0.107,3.83,9.5,G2 V,5840.0,1.019,0.9903,1.116,4.6,G1V,0.001,0.1,1.23
HD 20329 b,HD 20329,TIC 333657795,0.018,1.72,7.42,,5596.0,1.13,0.9,1.120,11.0,G6V,0.001,0.1,1.23
NGTS-35 b,NGTS-35,TIC 333736132,0.16,10.9,152.0,K3.5 V,4717.0,0.753,0.789,0.253,1.5,K3V,0.001,0.1,1.23
TOI-4860 b,TOI-4860,TIC 335590096,0.01808,8.7,86.7,M3.5 V,3260.0,0.358,0.34,0.015,4.5,M3.5V,0.001,0.6,1.23
TOI-778 b,TOI-778,TIC 335630746,0.06,15.4,878.0,F3 V,6643.0,1.71,1.4,5.760,1.95,F4V,0.001,0.1,1.23
TOI-849 b,TOI-849,TIC 33595516,0.0155,3.64,41.8,G,5257.0,0.97,0.97,0.605,6.7,K0V,0.001,0.1,1.23
TOI-2136 b,TOI-2136,TIC 336128819,0.057,2.19,6.37,M4.5 V,3342.0,0.34,0.34,0.013,4.6,M3.5V,0.001,0.6,1.23
TOI-5322 b,TOI-5322,TIC 336691874,0.0604,16.6117094,184.022647653,,5692.0,1.462,0.998,2.030,9.7,G4V,0.001,0.1,1.23
TOI-469.01,TOI-469,TIC 33692729,0.111,3.41,9.1,,5289.0,0.98,0.901,0.709,11.2,K0V,0.001,0.1,1.23
TOI-481 b,TOI-481,TIC 339672028,0.097,11.09691,486.2799,G,5735.0,1.66,1.14,2.720,6.7,G3V,0.001,0.1,1.23
GJ 367 b,GJ 367,TIC 34068865,0.00709,0.699,0.633,M1.0 V,3522.0,0.458,0.455,0.029,nan,M2V,0.001,0.6,1.23
TOI-2158 b,TOI-2158,TIC 342642208,0.075,10.76062147,260.61929374,,5673.0,1.41,1.12,1.701,8.0,G4V,0.001,0.1,1.23
TOI-1386 b,TOI-1386,TIC 343019899,0.173,6.2163865,45.8,G5V,5735.0,1.0235,1.0363,1.024,3.2,G3V,0.001,0.1,1.23
TOI-1448 b,TOI-1448,TIC 343628284,0.0567,2.749,19.5,,3412.0,0.38,0.372,0.018,nan,M3V,0.001,0.6,1.23
TOI-5181 A b,TOI-5181 A,TIC 346667887,0.0522,13.34989601,330.54154328,,6060.0,1.53,1.25,2.870,4.1,F9V,0.001,0.1,1.23
TOI-1221 b,TOI-1221,TIC 349095149,0.387,2.91,1112.3994245,,5592.0,1.031,0.93,0.962,10.0,G6V,0.001,0.1,1.23
HD 152843 b,HD 152843,TIC 349488688,0.1049,3.05,9.82,G0,6310.0,1.43,1.15,2.818,3.97,F7V,0.001,0.1,1.23
HD 152843 c,HD 152843,TIC 349488688,0.1482,5.94,9.67,G0,6310.0,1.43,1.15,2.818,3.97,F7V,0.001,0.1,1.23
TOI-4562 b,TOI-4562,TIC 349576261,0.768,12.53,732.0,F7 V,6096.0,1.152,1.192,1.790,0.7,F9V,0.001,0.1,1.23
TOI-4504 c,TOI-4504,TIC 349972412,0.3569,11.09689089,1197.3231748504,K1 V,5315.0,0.92,0.89,0.620,10.0,K0V,0.001,0.1,1.23
TOI-654.01,TOI-654,TIC 35009898,0.01944,2.378,8.71,M2 V,3521.0,0.43,0.419,0.025,nan,M2V,0.001,0.6,1.23
TOI-908 b,TOI-908,TIC 350153977,0.041657,3.186,16.137,G V,5626.0,1.028,0.95,0.913,4.6,G6V,0.001,0.1,1.23
WASP-84 c,WASP-84,TIC 350293646,0.02359,1.95,15.2,K0,5280.0,0.768,0.853,0.473,2.1,K0V,0.001,0.1,1.23
TOI-5108 b,TOI-5108,TIC 350348197,0.073,6.6,32.0,,5808.0,1.29,1.1,1.884,5.8,G2V,0.001,0.1,1.23
TOI-201 c,TOI-201,TIC 350618622,4.28,11.13051784,4513.1633794,F6 V,6394.0,1.339,1.316,2.600,0.87,F6V,0.001,0.1,1.23
TOI-201 b,TOI-201,TIC 350618622,0.3026,11.82547464,184.34047606,F6 V,6394.0,1.339,1.316,2.600,0.87,F6V,0.001,0.1,1.23
TOI-1075 b,TOI-1075,TIC 351601843,0.01159,1.791,9.95,K9 V/M0 V,3875.0,0.581,0.604,0.072,6.0,M0V,0.001,0.6,1.23
HD 6061 b,HD 6061,TIC 352413427,0.06,2.42763557,10.0,,5934.0,1.0072,1.0269,1.136,2.4,G0V,0.001,0.1,1.23
TOI-4010 d,TOI-4010,TIC 352682207,0.113,6.18,38.15,K V,4960.0,0.83,0.88,0.398,6.1,K3V,0.001,0.1,1.23
TOI-4010 c,TOI-4010,TIC 352682207,0.058,5.93,20.31,K V,4960.0,0.83,0.88,0.398,6.1,K3V,0.001,0.1,1.23
TOI-4010 b,TOI-4010,TIC 352682207,0.0229,3.02,11.0,K V,4960.0,0.83,0.88,0.398,6.1,K3V,0.001,0.1,1.23
TOI-4342 b,TOI-4342,TIC 354944123,0.0519,2.329,7.3,M0 V,3866.0,0.598,0.587,0.075,nan,M0V,0.001,0.6,1.23
TOI-4342 c,TOI-4342,TIC 354944123,0.0804,2.349,4.8,M0 V,3866.0,0.598,0.587,0.075,nan,M0V,0.001,0.6,1.23
TOI-1260 d,TOI-1260,TIC 355867695,0.1116,3.12,11.84,K6 V,4227.0,0.672,0.679,0.129,6.7,K6V,0.001,0.1,1.23
TOI-1260 c,TOI-1260,TIC 355867695,0.0657,2.76,13.2,K6 V,4227.0,0.672,0.679,0.129,6.7,K6V,0.001,0.1,1.23
TOI-1260 b,TOI-1260,TIC 355867695,0.0367,2.41,8.56,K6 V,4227.0,0.672,0.679,0.129,6.7,K6V,0.001,0.1,1.23
TOI-3261 b,TOI-3261,TIC 358070912,0.01714,3.82,30.3,K1.5+/-1,5068.0,0.849,0.861,0.430,6.5,K2V,0.001,0.1,1.23
TOI-2202 b,TOI-2202,TIC 358107516,0.09564,10.95117414,287.316879928,K8 V,5169.0,0.808,0.841,0.397,6.4,K1V,0.001,0.1,1.23
TOI-2977 b,TOI-2977,TIC 361343239,0.03386,13.15934334,533.95172376,,5691.0,1.073,0.936,1.089,9.8,G4V,0.001,0.1,1.23
TOI-5027 b,TOI-5027,TIC 361711730,0.093,10.76062147,642.01338214,,5909.0,0.92,1.02,0.932,0.4,G0V,0.001,0.1,1.23
TOI-1408 b,TOI-1408,TIC 364186197,0.05778,25.0,593.0,F8 V,6117.0,1.53,1.312,2.960,2.7,F8V,0.001,0.1,1.23
TOI-1408 c,TOI-1408,TIC 364186197,0.03587,2.22,7.6,F8 V,6117.0,1.53,1.312,2.960,2.7,F8V,0.001,0.1,1.23
TOI-2969 b,TOI-2969,TIC 36452991,0.0261,12.32987877,368.68095212,K3 V,4738.0,0.7,0.71,0.260,nan,K3V,0.001,0.1,1.23
TIC 365102760 b,TIC 365102760,TIC 365102760,0.0622,6.21,19.2,,4900.0,3.13,1.17,5.093,6.3,K3V,0.001,0.1,1.23
TOI-1288 b,TOI-1288,TIC 365733349,0.0374,4.96846551,44.1,G V,5388.0,0.9583,0.9552,0.700,6.5,G9V,0.001,0.1,1.23
LTT 3780 c,LTT 3780,TIC 36724087,0.0757,2.39,8.04,M3.5 V,3358.0,0.38,0.381,0.016,3.1,M3V,0.001,0.6,1.23
LTT 3780 b,LTT 3780,TIC 36724087,0.01195,1.325,2.46,M3.5 V,3358.0,0.38,0.381,0.016,3.1,M3V,0.001,0.6,1.23
TOI-1758 b,TOI-1758,TIC 367858035,0.141409,3.62,6.9,,5169.0,0.81,0.88,0.424,7.5,K1V,0.001,0.1,1.23
TOI-2015 b,TOI-2015,TIC 368287008,0.029322,3.309,9.2,M4 +/- 0.5,3297.0,0.3273,0.3041,0.032,5.5,M3.5V,0.001,0.6,1.23
HD 93963 A c,HD 93963 A,TIC 368435330,0.04726,3.11976057,18.4,G0 V,5908.0,1.0311,1.0844,1.169,1.3,G0V,0.001,0.1,1.23
HD 93963 A b,HD 93963 A,TIC 368435330,0.02061,1.46954368,2.8,G0 V,5908.0,1.0311,1.0844,1.169,1.3,G0V,0.001,0.1,1.23
GJ 1252 b,GJ 1252,TIC 370133522,0.00915,1.193,1.32,M3,3458.0,0.391,0.381,0.020,3.9,M2.5V,0.001,0.6,1.23
TOI-2000 c,TOI-2000,TIC 371188886,0.0878,8.14,81.7,,5611.0,1.134,1.082,1.147,5.3,G6V,0.001,0.1,1.23
TOI-2000 b,TOI-2000,TIC 371188886,0.04271,2.7,11.0,,5611.0,1.134,1.082,1.147,5.3,G6V,0.001,0.1,1.23
TOI-2196 b,TOI-2196,TIC 372172128,0.02234,3.51,26.0,G V,5634.0,1.043,1.032,0.990,4.5,G5V,0.001,0.1,1.23
TOI-1648 b,TOI-1648,TIC 376353509,0.0694,2.54,7.4,,4850.0,0.81,0.83,0.352,5.7,K3V,0.001,0.1,1.23
TOI-1811 b,TOI-1811,TIC 376524552,0.04389,11.14172682,308.929211604,,4766.0,0.769,0.817,0.275,5.9,K3V,0.001,0.1,1.23
TOI-561 c,TOI-561,TIC 377064495,0.0889,2.865,5.93,G9 V,5342.0,0.843,0.806,0.522,16.1,G9V,0.001,0.1,1.23
TOI-561 b,TOI-561,TIC 377064495,0.01064,1.397,2.02,G9 V,5342.0,0.843,0.806,0.522,16.1,G9V,0.001,0.1,1.23
TOI-561 d,TOI-561,TIC 377064495,0.1587,2.615,13.33,G9 V,5342.0,0.843,0.806,0.522,16.1,G9V,0.001,0.1,1.23
TOI-561 e,TOI-561,TIC 377064495,0.33,2.517,12.4,G9 V,5342.0,0.843,0.806,0.522,16.1,G9V,0.001,0.1,1.23
TOI-260 b,TOI-260,TIC 37749396,0.0943,1.71,4.23,K8 V,4026.0,0.607,0.616,0.087,15.9,K8V,0.001,0.1,1.23
TOI-2384 b,TOI-2384,TIC 382602147,0.02793,11.48920522,624.850648162,,3943.0,0.6113,0.635,0.076,9.4,K9V,0.001,0.1,1.23
TOI-283 b,TOI-283,TIC 382626661,0.123,2.34,6.54,K,5213.0,0.85,0.8,0.460,10.4,K1V,0.001,0.1,1.23
TOI-530 b,TOI-530,TIC 387690507,0.052,9.30345398,127.1313628,M0.5 V,3659.0,0.54,0.53,0.049,nan,M1V,0.001,0.6,1.23
TOI-6034 b,TOI-6034,TIC 388076422,0.02949,11.92,254.0,,3635.0,0.489,0.514,0.040,7.8,M1.5V,0.001,0.6,1.23
TOI-2120 b,TOI-2120,TIC 389900760,0.0377,2.122,6.8,,3131.0,0.245,0.211,0.005,nan,M4.5V,0.0001,0.6,1.23
TOI-2109 b,TOI-2109,TIC 392476080,0.01791,15.098497,1595.49860314,F,6540.0,1.698,1.453,4.710,1.77,F5V,0.001,0.1,1.23
TOI-6054.01,TOI-6054,TIC 392681545,0.0763,2.64,12.5,,6047.0,1.662,1.107,3.330,6.0,F9V,0.001,0.1,1.23
TOI-6054.02,TOI-6054,TIC 392681545,0.1079,2.82,9.3,,6047.0,1.662,1.107,3.330,6.0,F9V,0.001,0.1,1.23
TIC 393818343 b,TIC 393818343,TIC 393818343,0.1291,12.18416202,1379.37528638,G0,5756.0,1.086,1.082,1.168,3.8,G2V,0.001,0.1,1.23
TOI-1820 b,TOI-1820,TIC 393831507,0.061,12.778238,731.0053361,,5734.0,1.51,1.04,1.969,11.0,G3V,0.001,0.1,1.23
TOI-2025 b,TOI-2025,TIC 394050135,0.0892,11.89272852,1144.1822652,,5977.0,1.459,1.199,2.440,4.5,F9.5V,0.001,0.1,1.23
HD 1397 b,HD 1397,TIC 394137592,0.1097,11.500434,131.89945,G5 III/IV,5521.0,2.336,1.324,4.570,4.51,G7V,0.001,0.1,1.23
TOI-2364 b,TOI-2364,TIC 39414571,0.04871,8.60849718,71.511391575,,5306.0,0.886,0.954,0.560,3.5,K0V,0.001,0.1,1.23
TOI-2328 b,TOI-2328,TIC 394287035,0.127,9.97599282,50.85254512,,5525.0,0.9,0.95,0.676,4.0,G7V,0.001,0.1,1.23
TOI-1107 b,TOI-1107,TIC 394561119,0.0561,14.57167491,1064.72516345,F6 V,6311.0,1.81,1.35,4.690,2.6,F7V,0.001,0.1,1.23
TOI-2236 b,TOI-2236,TIC 394722182,0.05009,14.36991326,502.16888306,,6248.0,1.573,1.343,3.410,2.52,F7V,0.001,0.1,1.23
TOI-4377 b,TOI-4377,TIC 394918211,0.0579,15.10970598,304.161785499,,4974.0,3.52,1.36,6.640,3.88,K2V,0.001,0.1,1.23
TOI-1333 b,TOI-1333,TIC 395171208,0.0626,15.647764,753.2571,,6274.0,1.925,1.464,5.170,2.33,F7V,0.001,0.1,1.23
TOI-2152 A b,TOI-2152,TIC 395393265,0.05064,14.35870428,899.45439181,F4 V,6630.0,1.612,1.516,4.500,0.83,F4V,0.001,0.1,1.23
LHS 1478 b,LHS 1478,TIC 396562848,0.01848,1.242,2.33,m3 V,3381.0,0.246,0.236,0.007,nan,M3V,0.001,0.6,1.23
TOI-1694 b,TOI-1694,TIC 396740648,0.045,5.3422266,31.3,,5058.0,0.8036,0.853,0.382,4.3,K2V,0.001,0.1,1.23
HD 77946 b,HD 77946,TIC 39699648,0.073,2.89646124,10.9,F5,6007.0,1.3174,1.1973,2.036,3.1,F9.5V,0.001,0.1,1.23
TOI-2537 b,TOI-2537,TIC 399967279,0.3715,11.25381662,415.401727949,,4870.0,0.771,0.771,0.301,1.1,K3V,0.001,0.1,1.23
TOI-2368 b,TOI-2368,TIC 401125028,0.05649,10.83908434,206.58846455,,5360.0,0.846,0.897,0.531,4.2,G9V,0.001,0.1,1.23
TOI-2193 A b,TOI-2193 A,TIC 401604346,0.03319,19.83989584,298.75870258,,5966.0,1.248,1.082,1.779,5.5,F9.5V,0.001,0.1,1.23
TOI-5261 b,TOI-5261,TIC 402828941,0.05134,11.60129502,3651.84839643,,5790.0,1.021,1.037,1.049,4.2,G2V,0.001,0.1,1.23
TOI-2093 c,TOI-2093,TIC 402898317,0.257,2.3,15.8,K5 V,4426.0,0.729,0.745,0.184,6.6,K5V,0.001,0.1,1.23
TOI-5786 b,TOI-5786,TIC 40292751,0.114,8.54,73.0,,6235.0,1.36,1.23,2.496,2.5,F7V,0.001,0.1,1.23
HD 213885 b,HD 213885,TIC 403224672,0.02012,1.745,8.83,G,5978.0,1.1011,1.068,1.376,3.8,F9.5V,0.001,0.1,1.23
TOI-1842 b,TOI-1842,TIC 404505029,0.1,12.3485023,89.4,,6039.0,2.032,1.4643,4.955,2.5,F9V,0.001,0.1,1.23
HD 21520 b,HD 21520,TIC 404518509,0.1726,2.697,17.7,,5871.0,1.044,1.09,1.164,5.3,G1V,0.001,0.1,1.23
TOI-912 b,TOI-912,TIC 406941612,0.041,1.93,5.1,M3,3572.0,0.419,0.418,0.026,0.8,M2V,0.001,0.6,1.23
TOI-5388.01,TOI-5388,TIC 407591297,0.024335855,0.99,2.2,M3.0 V,3440.0,0.3,0.292,0.011,nan,M3V,0.001,0.6,1.23
HD 25463 c,HD 25463,TIC 407966340,0.0443,1.36354953,4.3,,6353.0,1.4182,1.251,2.970,2.3,F6V,0.001,0.1,1.23
HD 25463 b,HD 25463,TIC 407966340,0.076,2.54535814,8.7,,6353.0,1.4182,1.251,2.970,2.3,F6V,0.001,0.1,1.23
TOI-1736 b,TOI-1736,TIC 408618999,0.073,3.18175535,12.3,,5636.0,1.4286,1.0373,1.865,9.2,G5V,0.001,0.1,1.23
TOI-1759 b,TOI-1759,TIC 408636441,0.1177,3.14,10.8,M0.0 V,4065.0,0.597,0.606,0.088,5.0,K7V,0.001,0.1,1.23
TOI-4214 b,TOI-4214,TIC 409594381,0.05018,10.68215861,165.27077164,,6370.0,1.434,1.382,3.040,1.1,F6V,0.001,0.1,1.23
TOI-1478 b,TOI-1478,TIC 409794137,0.0818,11.99360935,279.68899816,,5597.0,1.048,0.947,0.971,9.1,G6V,0.001,0.1,1.23
GJ 357 b,GJ 357,TIC 413248763,0.036,1.2,1.84,M2.5 V,3505.0,0.337,0.342,0.016,nan,M2.5V,0.001,0.6,1.23
TOI-4773 b,TOI-4773,TIC 415276070,0.03216,15.22179579,1687.66884117,,6740.0,1.55,1.452,4.450,1.07,F3V,0.001,0.1,1.23
TOI-3523 A b,TOI-3523 A,TIC 417047499,0.03559,15.9727975,435.42491759,,6450.0,1.448,1.131,3.270,4.3,F5V,0.001,0.1,1.23
TOI-4137 b,TOI-4137,TIC 417646390,0.05222,13.57407563,457.67290608,,6202.0,1.438,1.313,2.750,2.1,F8V,0.001,0.1,1.23
TOI-1451 b,TOI-1451,TIC 417931607,0.127,2.61143902,15.2,,5801.0,1.0162,1.0022,1.058,4.0,G2V,0.001,0.1,1.23
TOI-1272 b,TOI-1272,TIC 417948359,0.0417,4.13204907,27.0,,5065.0,0.7934,0.8772,0.375,1.1,K2V,0.001,0.1,1.23
TOI-5817 b,TOI-5817,TIC 418604868,0.1223,3.08,10.3,G2 IV-V,5770.0,1.427,0.97,2.050,9.7,G2V,0.001,0.1,1.23
TOI-5205 b,TOI-5205,TIC 419411415,0.0199,11.6,343.0,M4.0,3430.0,0.394,0.392,0.019,nan,M3V,0.001,0.6,1.23
TOI-1452 b,TOI-1452,TIC 420112589,0.061,1.672,4.82,M4 +/- 0.5 V,3185.0,0.275,0.249,0.007,nan,M4V,0.001,0.6,1.23
TOI-4961 b,TOI-4961,TIC 420202798,0.0726,12.34108775,572.0911326,,5380.0,0.912,0.912,0.629,8.0,G9V,0.001,0.1,1.23
TOI-1695 b,TOI-1695,TIC 422756130,0.033548,1.9,6.36,M1 V,3690.0,0.515,0.513,0.044,nan,M1V,0.001,0.6,1.23
HD 23472 f,HD 23472,TIC 425997655,0.0906,1.137,0.77,K4 V,4684.0,0.71,0.67,0.237,nan,K4V,0.001,0.1,1.23
HD 23472 d,HD 23472,TIC 425997655,0.04298,0.75,0.55,K4 V,4684.0,0.71,0.67,0.237,nan,K4V,0.001,0.1,1.23
HD 23472 c,HD 23472,TIC 425997655,0.1646,1.87,3.41,K4 V,4684.0,0.71,0.67,0.237,nan,K4V,0.001,0.1,1.23
HD 23472 b,HD 23472,TIC 425997655,0.1162,2.0,8.32,K4 V,4684.0,0.71,0.67,0.237,nan,K4V,0.001,0.1,1.23
HD 23472 e,HD 23472,TIC 425997655,0.068,0.818,0.72,K4 V,4684.0,0.71,0.67,0.237,nan,K4V,0.001,0.1,1.23
TOI-1669 c,TOI-1669,TIC 428679607,0.0376,2.2963977,13.0,,5497.0,1.0561,0.9867,0.921,7.7,G8V,0.001,0.1,1.23
TOI-2154 b,TOI-2154,TIC 428787891,0.0513,16.28664896,292.40213444,,6280.0,1.396,1.233,2.720,2.9,F7V,0.001,0.1,1.23
TOI-5788 b,TOI-5788,TIC 42883782,0.064,1.528,3.72,,5615.0,0.87,0.87,0.712,5.72,G6V,0.001,0.1,1.23
TOI-5788 c,TOI-5788,TIC 42883782,0.1197,2.272,6.4,,5615.0,0.87,0.87,0.712,5.72,G6V,0.001,0.1,1.23
TOI-782 b,TOI-782,TIC 429358906,0.0578,2.734,19.1,,3370.0,0.413,0.397,0.020,nan,M3V,0.001,0.6,1.23
TOI-4641 b,TOI-4641,TIC 436873727,0.173,8.18255591,1229.99593509,,6560.0,1.72,1.41,4.950,2.69,F5V,0.001,0.1,1.23
TOI-4603 b,TOI-4603,TIC 437856897,0.0888,11.67975789,4096.80816623,F,6264.0,2.738,1.765,10.400,1.64,F7V,0.001,0.1,1.23
TOI-2374 b,TOI-2374,TIC 439366538,0.0471,6.81,56.64,,4802.0,0.69,0.75,0.302,4.1,K3V,0.001,0.1,1.23
TOI-3160 A b,TOI-3160 A,TIC 440872576,0.0505,13.7646283,378.21580433,,6190.0,1.346,1.088,2.390,5.5,F8V,0.001,0.1,1.23
TOI-836.01,TOI-836,TIC 440887364,0.075,2.587,9.6,K V,4552.0,0.665,0.678,0.140,5.4,K4V,0.001,0.1,1.23
TOI-836 b,TOI-836,TIC 440887364,0.0422,1.704,4.53,K V,4552.0,0.665,0.678,0.140,5.4,K4V,0.001,0.1,1.23
AU Mic c,AU Mic,TIC 441420236,0.119,2.79,14.46,M1 V,3540.0,0.862,0.635,0.105,0.019,M2V,0.001,0.6,1.23
AU Mic b,AU Mic,TIC 441420236,0.07,4.79,8.99,M1 V,3540.0,0.862,0.635,0.105,0.019,M2V,0.001,0.6,1.23
HD 221416 b,HD 221416,TIC 441462736,0.1228,9.17,60.5,K0 IV/V,5080.0,2.943,1.212,5.150,4.9,K2V,0.001,0.1,1.23
TOI-1670 c,TOI-1670,TIC 441739020,0.249,11.06326395,200.23189641,F7 V,6170.0,1.316,1.21,2.515,2.53,F8V,0.001,0.1,1.23
TOI-1670 b,TOI-1670,TIC 441739020,0.103,2.06,41.31769291,F7 V,6170.0,1.316,1.21,2.515,2.53,F8V,0.001,0.1,1.23
TOI-2088 b,TOI-2088,TIC 441765914,0.472,3.6831179,37.0,,5081.0,0.8481,0.9027,0.435,4.5,K2V,0.001,0.1,1.23
TOI-3757 b,TOI-3757,TIC 445751830,0.03845,12.0,85.3,M0 V,3913.0,0.62,0.64,0.087,7.1,K9V,0.001,0.1,1.23
TOI-1710 b,TOI-1710,TIC 445805961,0.166,5.20315158,22.4,G5 V,5684.0,0.9574,1.0258,0.864,1.5,G4V,0.001,0.1,1.23
TOI-1273 b,TOI-1273,TIC 445859771,0.0549,11.09689089,70.557906354,,5690.0,1.06,1.06,1.070,3.1,G4V,0.001,0.1,1.23
TOI-2107 b,TOI-2107,TIC 446549906,0.03515,13.57407563,263.79757781,,5627.0,0.932,0.961,0.786,4.0,G6V,0.001,0.1,1.23
TOI-1231 b,TOI-1231,TIC 447061717,0.1288,3.65,15.4,M3 V,3553.0,0.476,0.485,0.033,nan,M2V,0.001,0.6,1.23
TOI-954 b,TOI-954,TIC 44792534,0.04963,9.550068,55.30242,,5710.0,1.892,1.201,3.430,6.14,G3V,0.001,0.1,1.23
TOI-3135 b,TOI-3135,TIC 448098793,0.04756,13.65253849,327.36325921,,5890.0,0.985,1.044,1.050,1.8,G1V,0.001,0.1,1.23
LP 890-9 b,LP 890-9,TIC 44898913,0.01875,1.32,13.2,M6 V,2850.0,0.1556,0.118,0.001,7.2,M6V,0.0001,0.6,1.23
TOI-2458 b,TOI-2458,TIC 449197831,0.0482,2.83,13.31,F9-F9.5,6005.0,1.31,1.05,2.194,5.7,F9.5V,0.001,0.1,1.23
TOI-3071 b,TOI-3071,TIC 452006073,0.0249,7.16,68.2,,6177.0,1.31,1.29,2.610,0.95,F8V,0.001,0.1,1.23
GJ 3473 b,GJ 3473,TIC 452866790,0.01589,1.264,1.86,M4,3347.0,0.364,0.36,0.015,nan,M3.5V,0.001,0.6,1.23
HD 63935 b,HD 63935,TIC 453211454,0.083,2.91575244,10.5,,5513.0,0.9598,0.9406,0.768,6.6,G8V,0.001,0.1,1.23
TOI-3023 b,TOI-3023,TIC 454248975,0.0505,16.43236571,197.05361234,,5760.0,1.668,1.12,2.780,7.0,G2V,0.001,0.1,1.23
TOI-3629 b,TOI-3629,TIC 455784423,0.043,8.29464572,82.63538582,M1,3870.0,0.6,0.63,0.075,7.0,M0V,0.001,0.6,1.23
TOI-4515 b,TOI-4515,TIC 456862677,0.118,12.17,637.0,G8/G9,5433.0,0.86,0.949,0.581,1.2,G8V,0.001,0.1,1.23
TOI-3785 b,TOI-3785,TIC 458419328,0.043,5.14,14.95,M2 V,3576.0,0.5,0.52,0.037,8.0,M2V,0.001,0.6,1.23
TOI-7149 b,TOI-7149,TIC 459323923,0.02603,13.2,224.0,M4 V,3363.0,0.351,0.344,0.012,7.8,M3V,0.001,0.6,1.23
TOI-5573 b,TOI-5573,TIC 459762279,0.0712,9.75,112.0,,3790.0,0.594,0.619,0.069,9.7,M0.5V,0.001,0.6,1.23
TOI-837 b,TOI-837,TIC 460205581,0.0888,9.16894621,120.456966253,F9/G0,5995.0,1.052,1.142,1.340,0.035,F9.5V,0.001,0.1,1.23
TOI-784 b,HD 307842,TIC 460984940,0.038,1.93,9.67,G,5558.0,0.907,0.91,0.645,nan,G7V,0.001,0.1,1.23
TOI-3362 b,TOI-3362,TIC 464300749,0.153,12.80065596,1598.359058803,,6532.0,1.83,1.445,5.480,2.14,F5V,0.001,0.1,1.23
TIC 46432937 b,TIC 46432937,TIC 46432937,0.02065,13.31626907,1017.0509024,,3572.0,0.5299,0.563,0.041,7.4,M2V,0.001,0.6,1.23
HIP 94235 b,HIP 94235,TIC 464646604,0.0787,3.0,379.0,G V,5991.0,1.08,1.094,1.373,0.118,F9.5V,0.001,0.1,1.23
TOI-5542 b,TOI-5542,TIC 466206508,0.332,11.30986153,419.53349724,G3 V,5700.0,1.058,0.89,11.402,10.8,G3V,0.001,0.1,1.23
TOI-1266 c,TOI-1266,TIC 467179528,0.105,1.98,3.17,M2,3563.0,0.4232,0.437,0.026,4.6,M2V,0.001,0.6,1.23
TOI-1266 b,TOI-1266,TIC 467179528,0.073,2.52,4.46,M2,3563.0,0.4232,0.437,0.026,4.6,M2V,0.001,0.6,1.23
TOI-1266 d,TOI-1266,TIC 467179528,0.1513,1.74,3.68,M2,3563.0,0.4232,0.437,0.026,4.6,M2V,0.001,0.6,1.23
TIC 4672985 b,TIC 4672985,TIC 4672985,0.33,11.5004142,4049.13390518,,5757.0,1.15,1.01,1.300,7.71,G2V,0.001,0.1,1.23
TOI-2031 A b,TOI-2031 A,TIC 470127886,0.066,14.20177855,254.2627256,,6490.0,1.241,1.174,2.460,2.0,F5V,0.001,0.1,1.23
TOI-4153 b,TOI-4153,TIC 470171739,0.06311,16.11851425,365.50266805,,6860.0,1.605,1.572,5.170,0.4,F2V,0.001,0.1,1.23
TOI-1696 b,TOI-1696,TIC 470381900,0.0229,3.09,48.8,M5V,3185.0,0.2775,0.255,0.007,7.1,M4V,0.001,0.6,1.23
TOI-2295 b,TOI-2295,TIC 48018596,0.1992,16.47720163,278.099856125,,5730.0,1.459,1.168,2.060,10.5,G3V,0.001,0.1,1.23
TOI-2992 b,TOI-2992,TIC 49045066,0.0434,13.75341932,1058.36859531,,6000.0,1.545,1.21,2.790,4.6,F9.5V,0.001,0.1,1.23
Wolf 327 b,Wolf 327,TIC 4918918,0.01,1.24,2.53,M2.5 V,3542.0,0.406,0.405,0.023,4.1,M2V,0.001,0.6,1.23
TOI-4914 b,TOI-4914,TIC 49254857,0.098,12.87,227.0,,5805.0,1.0,1.03,1.021,5.3,G2V,0.001,0.1,1.23
TOI-544 b,TOI-544,TIC 50618703,0.0225,2.018,2.89,,4169.0,0.623,0.631,0.126,9.0,K7V,0.001,0.1,1.23
Gliese 12 b,Gliese 12,TIC 52005579,0.067,0.93,0.95,M3.0 V,3328.0,0.265,0.255,0.007,7.0,M3.5V,0.001,0.6,1.23
TOI-125 b,TOI-125,TIC 52368076,0.05186,2.726,9.5,K0 V,5320.0,0.848,0.859,0.519,6.8,K0V,0.001,0.1,1.23
TOI-125 d,TOI-125,TIC 52368076,0.137,2.93,13.6,K0 V,5320.0,0.848,0.859,0.519,6.8,K0V,0.001,0.1,1.23
TOI-125 c,TOI-125,TIC 52368076,0.0814,2.759,6.63,K0 V,5320.0,0.848,0.859,0.519,6.8,K0V,0.001,0.1,1.23
NGTS-11 b,NGTS-11,TIC 54002556,0.201,9.157753,109.33352,K,5050.0,0.832,0.862,0.403,3.9,K2V,0.001,0.1,1.23
TOI-663 b,TOI-663,TIC 54962195,0.0295,2.27,4.45,M1 V,3681.0,0.512,0.514,0.043,nan,M1V,0.001,0.6,1.23
TOI-663 d,TOI-663,TIC 54962195,0.0576,1.92,5.2,M1 V,3681.0,0.512,0.514,0.043,nan,M1V,0.001,0.6,1.23
TOI-663 c,TOI-663,TIC 54962195,0.0437,2.26,3.65,M1 V,3681.0,0.512,0.514,0.043,nan,M1V,0.001,0.6,1.23
TOI-216.01,TOI-216,TIC 55652896,0.2069,10.1,177.98390792,,5026.0,0.748,0.77,0.362,nan,K2V,0.001,0.1,1.23
TOI-216.02,TOI-216,TIC 55652896,0.1293,8.0,18.751876013,,5026.0,0.748,0.77,0.362,nan,K2V,0.001,0.1,1.23
TOI-5301 b,TOI-5301,TIC 58825110,0.073,13.09208946,1182.32167404,,6240.0,2.19,1.483,6.550,2.43,F7V,0.001,0.1,1.23
TOI-892 b,TOI-892,TIC 66561343,0.092,11.99363,301.9385,F,6261.0,1.39,1.28,2.700,2.2,F7V,0.001,0.1,1.23
TOI-6894 b,TOI-6894,TIC 67512645,0.02604,9.5836785,53.395172376,,3007.0,0.2276,0.207,0.004,nan,M5V,0.0001,0.6,1.23
TOI-2587 A b,TOI-2587 A,TIC 68007716,0.0635,12.07207221,69.286592726,,5760.0,1.726,1.15,2.960,6.7,G2V,0.001,0.1,1.23
TOI-5350 b,TOI-5350,TIC 68808155,0.0796,12.41955062,2094.48920213,,6220.0,1.263,1.167,2.160,3.1,F8V,0.001,0.1,1.23
TOI-5232 b,TOI-5232,TIC 69356857,0.05593,12.778238,743.71847238,,6500.0,1.785,1.389,5.160,2.37,F5V,0.001,0.1,1.23
TOI-2421 b,TOI-2421,TIC 70524163,0.0543,10.36830715,105.836859531,,5607.0,1.75,1.131,2.729,7.5,G6V,0.001,0.1,1.23
LP 714-47 b,LP 714-47,TIC 70899085,0.0417,4.7,30.8,M0.0 V,3950.0,0.584,0.59,0.075,nan,K9V,0.001,0.1,1.23
TOI-1723 b,TOI-1723,TIC 71431780,0.113496,3.435,10.4,,5777.0,1.09,1.04,1.160,4.8,G2V,0.001,0.1,1.23
HD 110113 b,HD 110113,TIC 73228647,0.035,2.05,4.55,G,5732.0,0.968,0.997,0.928,4.0,G3V,0.001,0.1,1.23
TOI-1853 b,TOI-1853,TIC 73540072,0.0213,3.46,73.2,K2.5 V,4985.0,0.808,0.837,0.370,nan,K2V,0.001,0.1,1.23
TOI-756 b,TOI-756,TIC 73649615,0.018,2.81,9.83,M1 V,3657.0,0.505,0.505,0.041,3.2,M1V,0.001,0.6,1.23
HD 35843 c,HD 35843,TIC 7422496,0.25,2.54,11.32,,5666.0,0.897,0.94,0.750,2.5,G5V,0.001,0.1,1.23
TOI-2583 A b,TOI-2583 A,TIC 7548817,0.0571,14.4595851,79.45710175,,5936.0,1.477,1.215,2.445,4.4,G0V,0.001,0.1,1.23
TOI-6628 b,TOI-6628,TIC 75650448,0.134,10.98480109,235.19302118,,5463.0,1.01,0.97,0.817,7.5,G8V,0.001,0.1,1.23
TOI-2134 b,TOI-2134,TIC 75878355,0.078,2.69,9.13,K5 V,4580.0,0.709,0.744,0.192,3.8,K4V,0.001,0.1,1.23
TOI-2134 c,TOI-2134,TIC 75878355,0.371,7.27,41.89,K5 V,4580.0,0.709,0.744,0.192,3.8,K4V,0.001,0.1,1.23
TOI-181 b,TOI-181,TIC 76923707,0.0539,6.9559,46.1687,K,4994.0,0.745,0.822,0.298,5.4,K2V,0.001,0.1,1.23
LHS 1678 c,LHS 1678,TIC 77156829,0.0327,0.941,1.4,M2.0 V,3490.0,0.329,0.345,0.015,7.0,M2.5V,0.001,0.6,1.23
LHS 1678 b,LHS 1678,TIC 77156829,0.01239,0.685,0.35,M2.0 V,3490.0,0.329,0.345,0.015,7.0,M2.5V,0.001,0.6,1.23
TOI-1064 c,TOI-1064,TIC 79748331,0.09429,2.651,2.5,,4734.0,0.726,0.748,0.238,9.4,K3V,0.001,0.1,1.23
TOI-1064 b,TOI-1064,TIC 79748331,0.06152,2.587,13.5,,4734.0,0.726,0.748,0.238,9.4,K3V,0.001,0.1,1.23
TOI-3288 b,TOI-3288,TIC 79920467,0.0215,11.2089807,670.61793877,K9 V,3933.0,0.67,0.64,0.110,nan,K9V,0.001,0.1,1.23
TOI-5422 b,TOI-5422,TIC 80611440,0.0619,9.10169233,8899.195396,,5820.0,1.474,1.066,2.250,7.6,G1V,0.001,0.1,1.23
TOI-1855 b,TOI-1855,TIC 81247740,0.02398,18.49481816,360.099585131,,5359.0,1.041,0.987,0.804,8.2,G9V,0.001,0.1,1.23
TOI-5398 c,TOI-5398,TIC 8260536,0.057,3.52,11.8,G V,6000.0,1.051,1.146,1.310,0.65,F9.5V,0.001,0.1,1.23
TOI-5398 b,TOI-5398,TIC 8260536,0.098,10.3,58.7,G V,6000.0,1.051,1.146,1.310,0.65,F9.5V,0.001,0.1,1.23
TOI-622 b,TOI-622,TIC 83092282,0.0708,9.2362001,96.302007321,F6 V,6400.0,1.415,1.313,2.979,0.9,F6V,0.001,0.1,1.23
TOI-2169 A b,TOI-2169 A,TIC 8516795,0.0896,12.50922246,329.588058059,,6270.0,1.82,1.42,4.630,2.51,F7V,0.001,0.1,1.23
TOI-4463 A b,TOI-4463 A,TIC 8599009,0.04036,13.26022417,252.355755158,,5640.0,1.062,1.056,1.026,4.1,G5V,0.001,0.1,1.23
TOI-3884 b,TOI-3884,TIC 86263325,0.0361,6.43,32.59,M4,3180.0,0.302,0.298,0.009,nan,M4V,0.001,0.6,1.23
TOI-5789 c,TOI-5789,TIC 87216634,0.1009,2.86,5.0,K1 V,5185.0,0.833,0.821,0.469,9.4,K1V,0.001,0.1,1.23
TOI-5592 b,TOI-5592,TIC 88529975,0.03935,17.14974047,285.727737893,,6237.0,1.393,1.194,2.640,3.6,F7V,0.001,0.1,1.23
TOI-2145 b,TOI-2145,TIC 88992642,0.1117,12.24020692,1805.26535176,,6206.0,2.75,1.71,9.920,1.6,F8V,0.001,0.1,1.23
TOI-132 b,TOI-132,TIC 89020549,0.026,3.42,22.4,G8 V,5397.0,0.9,0.97,0.600,6.34,G9V,0.001,0.1,1.23
TOI-1799 b,TOI-1799,TIC 8967242,0.072502,1.642,4.0,,5690.0,0.957,1.01,0.867,5.1,G4V,0.001,0.1,1.23
TOI-238 b,TOI-238,TIC 9006668,0.0212,1.559,3.37,K2 V,5059.0,0.756,0.781,0.338,7.9,K2V,0.001,0.1,1.23
TOI-2207 b,TOI-2207,TIC 90850770,0.0854,11.1529358,203.41018048,,6101.0,1.564,1.296,3.050,3.3,F9V,0.001,0.1,1.23
TOI-2345 b,TOI-2345,TIC 91555165,0.01705,1.504,3.49,K,4687.0,0.729,0.727,0.231,6.3,K4V,0.001,0.1,1.23
TOI-2345 c,TOI-2345,TIC 91555165,0.1257,2.451,7.27,K,4687.0,0.729,0.727,0.231,6.3,K4V,0.001,0.1,1.23
TOI-1898 b,TOI-1898,TIC 91987762,0.269,9.39553231,129.0,,6241.0,1.6131,1.2484,3.558,3.1,F7V,0.001,0.1,1.23
TOI-1775 b,TOI-1775,TIC 9348006,0.08,8.04728896,96.0,,5284.0,0.8288,0.9218,0.483,0.8,K0V,0.001,0.1,1.23
TOI-421 c,TOI-421,TIC 94986319,0.117,5.09,14.1,G9 V,5291.0,0.866,0.833,0.540,10.9,K0V,0.001,0.1,1.23
TOI-421 b,TOI-421,TIC 94986319,0.0554,2.64,6.7,G9 V,5291.0,0.866,0.833,0.540,10.9,K0V,0.001,0.1,1.23
TOI-4201 b,TOI-4201,TIC 95057860,0.04,13.67495645,788.21444936,M1.0+/-0.5,3794.0,0.63,0.61,0.076,1.4,M0.5V,0.001,0.6,1.23
TOI-4794 b,TOI-4794,TIC 95589845,0.0492,14.35870428,308.29355479,,6390.0,1.451,1.25,3.160,2.7,F6V,0.001,0.1,1.23
TOI-3819 b,TOI-3819,TIC 95660472,0.04611,13.13692538,352.78953177,,5859.0,1.538,1.242,2.510,4.5,G1V,0.001,0.1,1.23
TOI-4734 b,TOI-4734,TIC 97714451,0.074,10.9175472,61.658710958,,6070.0,1.857,1.391,4.210,3.2,F9V,0.001,0.1,1.23
TOI-2989 b,TOI-2989,TIC 97825640,0.0384,12.55405838,953.485221,K4 V,4672.0,0.76,0.77,0.183,nan,K4V,0.001,0.1,1.23
LTT 1445 A b,LTT 1445 A,TIC 98796344,0.0381,1.34,2.73,M3.0,3562.0,0.271,0.257,0.009,nan,M2V,0.001,0.6,1.23
LTT 1445 A c,LTT 1445 A,TIC 98796344,0.02661,1.147,1.54,M3.0,3340.0,0.265,0.257,0.009,nan,M3.5V,0.001,0.6,1.23
TOI-1199 b,TOI-1199,TIC 99869022,0.04988,10.5140239,75.960989273,,5710.0,1.45,1.23,2.015,4.2,G3V,0.001,0.1,1.23
TOI-5734 b,TOI-5734,TIC 9989136,0.05921,2.1,9.1,K3-K4 V,4750.0,0.639,0.724,0.181,0.5,K3V,0.001,0.1,1.23
